/*
 Navicat Premium Dump SQL

 Source Server         : localhost
 Source Server Type    : MySQL
 Source Server Version : 80041 (8.0.41)
 Source Host           : localhost:3306
 Source Schema         : china_history

 Target Server Type    : MySQL
 Target Server Version : 80041 (8.0.41)
 File Encoding         : 65001

 Date: 16/12/2025 15:35:23
*/

SET NAMES utf8mb4;
SET FOREIGN_KEY_CHECKS = 0;

-- ----------------------------
-- Table structure for dynasty
-- ----------------------------
DROP TABLE IF EXISTS `dynasty`;
CREATE TABLE `dynasty`  (
  `id` bigint UNSIGNED NOT NULL AUTO_INCREMENT COMMENT '主键ID',
  `name` varchar(100) CHARACTER SET utf8mb4 COLLATE utf8mb4_0900_ai_ci NOT NULL COMMENT '朝代名称，如唐朝、汉朝',
  `start_year` int NULL DEFAULT NULL COMMENT '开国年份（公元纪年，可为负数表示公元前）',
  `end_year` int NULL DEFAULT NULL COMMENT '灭亡年份（公元纪年，可为负数表示公元前）',
  `capital` varchar(200) CHARACTER SET utf8mb4 COLLATE utf8mb4_0900_ai_ci NULL DEFAULT NULL COMMENT '都城名称，如长安、洛阳',
  `overview` text CHARACTER SET utf8mb4 COLLATE utf8mb4_0900_ai_ci NULL COMMENT '朝代概述、历史简介',
  `created_at` timestamp NOT NULL DEFAULT CURRENT_TIMESTAMP COMMENT '创建时间',
  PRIMARY KEY (`id`) USING BTREE,
  UNIQUE INDEX `uk_dynasty_name`(`name` ASC) USING BTREE
) ENGINE = InnoDB AUTO_INCREMENT = 28 CHARACTER SET = utf8mb4 COLLATE = utf8mb4_0900_ai_ci COMMENT = '朝代表：存储中国各历史朝代信息' ROW_FORMAT = Dynamic;

-- ----------------------------
-- Records of dynasty
-- ----------------------------
INSERT INTO `dynasty` VALUES (1, '三皇时代', NULL, NULL, '无固定都城', '华夏上古传说时期，三皇（燧人、伏羲、神农等）教民钻木取火、耕种畜牧、创造八卦，奠定华夏文明基础', '2025-12-15 17:56:07');
INSERT INTO `dynasty` VALUES (2, '五帝时代', NULL, NULL, '涿鹿、平阳等', '部落联盟鼎盛时期，黄帝、颛顼、帝喾、尧、舜相继执政，统一华夏部落，推行禅让制，大禹治水成功', '2025-12-15 17:56:07');
INSERT INTO `dynasty` VALUES (3, '夏朝', -2070, -1600, '阳城、斟鄩', '中国史载第一个世袭制王朝，大禹建夏，启继位开创家天下，桀亡国，二里头遗址为重要文化遗存', '2025-12-15 17:56:07');
INSERT INTO `dynasty` VALUES (4, '商朝', -1600, -1046, '亳、殷', '又称殷商，盘庚迁殷后国力兴盛，甲骨文成熟，青铜文明发达，商纣王荒淫亡国', '2025-12-15 17:56:07');
INSERT INTO `dynasty` VALUES (5, '西周', -1046, -771, '镐京', '武王伐纣建立，周公制礼作乐，推行分封制、宗法制，厉王时期国人暴动，幽王烽火戏诸侯致亡国', '2025-12-15 17:56:07');
INSERT INTO `dynasty` VALUES (6, '东周', -770, -256, '洛邑', '平王东迁后建立，分为春秋、战国两段，王室衰微，诸侯争霸，百家争鸣，最终秦灭东周', '2025-12-15 17:56:07');
INSERT INTO `dynasty` VALUES (7, '秦朝', -221, -207, '咸阳', '秦始皇统一六国，建立中国第一个中央集权封建王朝，推行郡县制、统一文字货币度量衡，修筑长城，二世而亡', '2025-12-15 17:56:07');
INSERT INTO `dynasty` VALUES (8, '西汉', -202, 8, '长安', '刘邦建立，史称西汉，文景之治休养生息，汉武帝时期独尊儒术、开拓西域，王莽篡汉终结', '2025-12-15 17:56:07');
INSERT INTO `dynasty` VALUES (9, '新朝', 8, 23, '长安', '王莽篡汉建立，推行托古改制，因政策失当引发绿林、赤眉起义，最终被推翻', '2025-12-15 17:56:07');
INSERT INTO `dynasty` VALUES (10, '东汉', 25, 220, '洛阳', '刘秀建立，史称东汉，光武中兴恢复国力，外戚与宦官交替专权，黄巾起义后走向分裂', '2025-12-15 17:56:07');
INSERT INTO `dynasty` VALUES (11, '曹魏', 220, 265, '洛阳', '曹丕篡汉建立，占据北方，实行九品中正制，司马懿家族逐渐掌权，最终被西晋取代', '2025-12-15 17:56:07');
INSERT INTO `dynasty` VALUES (12, '蜀汉', 221, 263, '成都', '刘备建立，占据西南，诸葛亮鞠躬尽瘁北伐，后被曹魏所灭', '2025-12-15 17:56:07');
INSERT INTO `dynasty` VALUES (13, '东吴', 222, 280, '建业', '孙权建立，占据江南，航海业发达，最终被西晋统一', '2025-12-15 17:56:07');
INSERT INTO `dynasty` VALUES (14, '西晋', 265, 317, '洛阳', '司马炎建立，统一三国，八王之乱后国力衰退，永嘉之乱后南渡', '2025-12-15 17:56:07');
INSERT INTO `dynasty` VALUES (15, '东晋', 317, 420, '建康', '司马睿在江南建立，门阀政治盛行，淝水之战击败前秦，后被刘裕取代', '2025-12-15 17:56:07');
INSERT INTO `dynasty` VALUES (16, '南北朝', 420, 589, '建康、平城、洛阳、长安等', '南朝（宋、齐、梁、陈）与北朝（北魏、东魏、西魏、北齐、北周）对峙，孝文帝改革促进民族融合，隋最终统一', '2025-12-15 17:56:07');
INSERT INTO `dynasty` VALUES (17, '隋朝', 581, 618, '长安、洛阳', '杨坚建立，统一南北，开创三省六部制、科举制，开凿大运河，二世而亡', '2025-12-15 17:56:07');
INSERT INTO `dynasty` VALUES (18, '唐朝', 618, 907, '长安、洛阳', '李渊建立，中国封建王朝鼎盛时期，贞观之治、开元盛世国力强盛，安史之乱后由盛转衰，藩镇割据终结', '2025-12-15 17:56:07');
INSERT INTO `dynasty` VALUES (19, '五代十国', 907, 960, '开封、洛阳、金陵等', '五代（梁、唐、晋、汉、周）更迭于北方，十国割据于南方，战乱频繁，后周世宗改革为统一奠定基础', '2025-12-15 17:56:07');
INSERT INTO `dynasty` VALUES (20, '北宋', 960, 1127, '开封', '赵匡胤陈桥兵变建立，推行重文轻武，经济文化发达，澶渊之盟与辽对峙，靖康之耻被金灭亡', '2025-12-15 17:56:07');
INSERT INTO `dynasty` VALUES (21, '辽朝', 916, 1125, '上京临潢府', '契丹族建立，占据北方草原与燕云十六州，推行南北面官制，与宋、夏并立，后被金所灭', '2025-12-15 17:56:07');
INSERT INTO `dynasty` VALUES (22, '西夏', 1038, 1227, '兴庆府', '党项族建立，占据西北，与宋、辽、金并立，创造西夏文，后被蒙古所灭', '2025-12-15 17:56:07');
INSERT INTO `dynasty` VALUES (23, '南宋', 1127, 1279, '临安', '赵构南渡建立，偏安江南，岳飞抗金，经济重心完全南移，崖山海战被元灭亡', '2025-12-15 17:56:07');
INSERT INTO `dynasty` VALUES (24, '金朝', 1115, 1234, '上京会宁府、中都', '女真族建立，灭辽与北宋，占据北方，后被蒙古与南宋联合灭亡', '2025-12-15 17:56:07');
INSERT INTO `dynasty` VALUES (25, '元朝', 1271, 1368, '大都', '忽必烈建立，蒙古族统一中国，疆域空前辽阔，推行行省制，民族融合加强，元末农民起义推翻', '2025-12-15 17:56:07');
INSERT INTO `dynasty` VALUES (26, '明朝', 1368, 1644, '南京、北京', '朱元璋建立，推翻元朝，洪武之治、永乐盛世，郑和下西洋，后期闭关锁国，崇祯帝自缢亡国', '2025-12-15 17:56:07');
INSERT INTO `dynasty` VALUES (27, '清朝', 1644, 1912, '北京', '满族建立，清军入关统一全国，康乾盛世疆域稳定，后期鸦片战争后国力衰退，辛亥革命后宣统帝退位，封建王朝终结', '2025-12-15 17:56:07');

-- ----------------------------
-- Table structure for event
-- ----------------------------
DROP TABLE IF EXISTS `event`;
CREATE TABLE `event`  (
  `id` bigint UNSIGNED NOT NULL AUTO_INCREMENT COMMENT '主键ID',
  `title` varchar(300) CHARACTER SET utf8mb4 COLLATE utf8mb4_0900_ai_ci NOT NULL COMMENT '事件标题，如“安史之乱”',
  `start_year` int NULL DEFAULT NULL COMMENT '事件开始年份',
  `end_year` int NULL DEFAULT NULL COMMENT '事件结束年份',
  `dynasty_id` bigint UNSIGNED NULL DEFAULT NULL COMMENT '所属朝代ID',
  `category` varchar(100) CHARACTER SET utf8mb4 COLLATE utf8mb4_0900_ai_ci NULL DEFAULT NULL COMMENT '事件类型：政治/军事/文化/科技等',
  `summary` text CHARACTER SET utf8mb4 COLLATE utf8mb4_0900_ai_ci NULL COMMENT '事件概要描述',
  `details` text CHARACTER SET utf8mb4 COLLATE utf8mb4_0900_ai_ci NULL COMMENT '事件详情描述',
  `location_place_id` bigint UNSIGNED NULL DEFAULT NULL COMMENT '事件地点ID，对应 place_name.id',
  `created_at` timestamp NOT NULL DEFAULT CURRENT_TIMESTAMP COMMENT '创建时间',
  PRIMARY KEY (`id`) USING BTREE,
  INDEX `idx_event_title`(`title` ASC) USING BTREE,
  INDEX `fk_event_dynasty`(`dynasty_id` ASC) USING BTREE,
  INDEX `fk_event_place`(`location_place_id` ASC) USING BTREE,
  CONSTRAINT `fk_event_dynasty` FOREIGN KEY (`dynasty_id`) REFERENCES `dynasty` (`id`) ON DELETE SET NULL ON UPDATE RESTRICT,
  CONSTRAINT `fk_event_place` FOREIGN KEY (`location_place_id`) REFERENCES `place_name` (`id`) ON DELETE SET NULL ON UPDATE RESTRICT
) ENGINE = InnoDB AUTO_INCREMENT = 135 CHARACTER SET = utf8mb4 COLLATE = utf8mb4_0900_ai_ci COMMENT = '历史事件表（用于时间轴）' ROW_FORMAT = Dynamic;

-- ----------------------------
-- Records of event
-- ----------------------------
INSERT INTO `event` VALUES (1, '燧人取火', NULL, NULL, 1, '科技', '燧人氏发明钻木取火，人类进入熟食时代', '远古时期，人类茹毛饮血。燧人氏观察鸟啄燧木而生火，领悟钻木取火之法。教民熟食，结束了人类茹毛饮血的历史，标志着人类文明的一大进步。', 1, '2025-12-16 13:19:43');
INSERT INTO `event` VALUES (2, '伏羲画卦', NULL, NULL, 1, '文化', '伏羲氏观察天地万物，创立八卦', '伏羲氏仰观天文，俯察地理，远取诸物，近取诸身，始作八卦。用八种符号代表天、地、雷、风、水、火、山、泽，以通神明之德，以类万物之情。八卦成为中华文化的源头。', 1, '2025-12-16 13:19:43');
INSERT INTO `event` VALUES (3, '女娲补天', NULL, NULL, 1, '神话', '女娲炼五色石补天，抟土造人', '传说共工与祝融战，共工怒触不周山，天柱折，地维绝，天倾西北，地陷东南。女娲炼五色石补天，断鳌足以立四极，杀黑龙以济冀州，积芦灰以止淫水。又抟黄土造人，创造人类。', 1, '2025-12-16 13:19:43');
INSERT INTO `event` VALUES (4, '神农尝百草', NULL, NULL, 1, '科技', '神农氏尝百草，发明医药', '神农氏为解除民疾，亲尝百草，辨别药性。一日遇七十毒，终因尝断肠草而卒。其功绩在于辨别五谷、草木、虫鱼、禽兽之性，教民种植，发明医药。', 1, '2025-12-16 13:19:43');
INSERT INTO `event` VALUES (5, '伏羲制嫁娶', NULL, NULL, 1, '制度', '伏羲氏制定婚姻制度，结束群婚', '伏羲氏之前，民知其母不知其父。伏羲制定嫁娶制度，男聘女嫁，以俪皮为礼，使人类由群婚时代进入对偶婚时代，这是人类社会制度的一大进步。', 1, '2025-12-16 13:19:43');
INSERT INTO `event` VALUES (6, '神农作耒耜', NULL, NULL, 1, '科技', '神农氏发明农具，教民耕作', '神农氏观察鸟兽耕作之法，斫木为耜，揉木为耒，教民使用农具耕种。又尝百草，辨别五谷，教民种植，开创中华农业文明。', 1, '2025-12-16 13:19:43');
INSERT INTO `event` VALUES (7, '阪泉之战', NULL, NULL, 2, '军事', '黄帝与炎帝在阪泉大战，黄帝获胜', '黄帝与炎帝两大部落争夺中原霸权，战于阪泉之野。经过三次大战，黄帝击败炎帝。战后两部落结盟，形成华夏族主体，\"炎黄子孙\"称谓由此而来。', 2, '2025-12-16 13:19:43');
INSERT INTO `event` VALUES (8, '涿鹿之战', NULL, NULL, 2, '军事', '黄帝与蚩尤在涿鹿大战，黄帝擒杀蚩尤', '九黎部落首领蚩尤作乱，黄帝联合炎帝，与蚩尤战于涿鹿之野。黄帝用指南车指引方向，最终擒杀蚩尤，统一中原各部落，奠定中华文明基础。', 1, '2025-12-16 13:19:43');
INSERT INTO `event` VALUES (9, '嫘祖养蚕', NULL, NULL, 2, '科技', '黄帝之妻嫘祖发明养蚕缫丝', '黄帝正妃嫘祖，西陵氏之女，发明养蚕缫丝之术，教民纺织，使人类结束衣皮苇的时代，进入穿衣文明时代，被尊为先蚕。', 1, '2025-12-16 13:19:43');
INSERT INTO `event` VALUES (10, '仓颉造字', NULL, NULL, 2, '文化', '黄帝史官仓颉创造文字', '黄帝时期，史官仓颉观察鸟兽足迹，创制文字，使人类进入文明时代。传说仓颉造字成功，天雨粟，鬼夜哭，象征着人类文明的重大突破。', 1, '2025-12-16 13:19:43');
INSERT INTO `event` VALUES (11, '颛顼绝地天通', NULL, NULL, 2, '宗教', '颛顼改革宗教，绝地天通', '五帝时代之前，家家有巫史，人人可通神。颛顼命南正重司天，火正黎司地，将人神分离，统一宗教祭祀权，加强中央权力，史称\"绝地天通\"。', 1, '2025-12-16 13:19:43');
INSERT INTO `event` VALUES (12, '尧禅让于舜', NULL, NULL, 2, '政治', '尧帝年老，将帝位禅让给舜，开创禅让制', '尧帝在位七十年，年老体衰，征询四岳，寻找接班人。舜以孝道闻名，经过三年考核，尧将帝位禅让给舜。这是中国古代政治制度的理想典范。', 1, '2025-12-16 13:19:43');
INSERT INTO `event` VALUES (13, '舜耕历山', NULL, NULL, 2, '文化', '舜在历山耕作，以孝道闻名', '舜年轻时在历山耕作，其孝道感动天地。象为之耕，鸟为之耘，尧帝听说其贤德，召见并禅让帝位。', 1, '2025-12-16 13:19:43');
INSERT INTO `event` VALUES (14, '舜南巡狩', -2208, -2208, 2, '政治', '舜帝南巡视察，死于苍梧', '舜帝为视察南方，南巡狩，崩于苍梧。葬于江南九嶷，是为零陵。其弟象被封于有庳。', 1, '2025-12-16 13:19:43');
INSERT INTO `event` VALUES (15, '鲧治洪水', -2287, -2277, 2, '灾难', '鲧用堵塞方法治水，九年不成', '洪水泛滥，尧命鲧治水。鲧采用堵塞方法，筑堤防洪，九年不成，最终被舜处死。', 1, '2025-12-16 13:19:43');
INSERT INTO `event` VALUES (16, '大禹治水', -2277, -2267, 2, '科技', '大禹采用疏导方法治水，十三年成功', '舜命禹继承父业治水。禹采用疏导方法，开山凿石，疏导九河，历时十三年，三过家门而不入，终获成功。禹因此功被舜禅让帝位。', 1, '2025-12-16 13:19:43');
INSERT INTO `event` VALUES (17, '舜任命百官', NULL, NULL, 2, '政治', '舜帝设立百官，完善国家制度', '舜摄政期间，设立大禹为司空、后稷为农官、契为司徒、皋陶为法官、倕为共工、益为虞官、伯夷为秩宗、夔为乐官、龙为纳言，完善国家行政制度。', 1, '2025-12-16 13:19:43');
INSERT INTO `event` VALUES (18, '象封有庳', NULL, NULL, 2, '政治', '舜帝封其弟象于有庳', '舜帝不顾群臣反对，封其顽劣之弟象于有庳。象在有庳改恶从善，成为贤君，体现舜的孝悌之道。', 1, '2025-12-16 13:19:43');
INSERT INTO `event` VALUES (19, '大禹治水', -2277, -2178, 3, '文化', '大禹治理洪水，划分九州', '大禹吸取父亲鲧治水失败的教训，采用\"疏而不堵\"的方法，开凿龙门、疏导九河，最终将洪水引入大海。治水成功后，舜禅让帝位于禹，禹成为中国历史上第一个世袭制王朝的开创者。', 1, '2025-12-16 13:19:43');
INSERT INTO `event` VALUES (20, '启继位', -2070, -2070, 3, '政治', '启继承大禹之位，开创\"家天下\"', '大禹死后，本应由伯益继位，但大禹之子启夺取了政权，建立夏朝，开创了父死子继的世袭制度，中国进入\"家天下\"时代。', 1, '2025-12-16 13:19:43');
INSERT INTO `event` VALUES (21, '少康中兴', NULL, NULL, 3, '政治', '少康复国，夏朝中兴', '后羿、寒浞篡夏，夏朝中断。大禹后裔少康长大后在有虞氏帮助下复国，恢复夏朝统治，史称\"少康中兴\"。', 1, '2025-12-16 13:19:43');
INSERT INTO `event` VALUES (22, '桀纣之暴', -1728, -1675, 3, '政治', '夏桀暴虐无道，商汤灭夏', '夏桀荒淫无道，宠妹喜，造酒池肉林。商汤见夏桀暴虐，决心推翻夏朝，最终灭夏建商。', 1, '2025-12-16 13:19:43');
INSERT INTO `event` VALUES (23, '商汤灭夏', -1646, -1600, 4, '军事', '商汤推翻夏桀暴政，建立商朝', '商汤见夏桀暴虐无道，决心推翻夏朝。他重用伊尹为相，经过十一次征战，最终在鸣条之战中大败夏桀，建立商朝。', 1, '2025-12-16 13:19:43');
INSERT INTO `event` VALUES (24, '盘庚迁殷', -1300, -1250, 4, '政治', '盘庚将都城从奄（今山东曲阜）迁至殷（今河南安阳）', '盘庚为摆脱贵族势力控制和避免水患，决定将都城迁至殷。这次迁都使商朝摆脱了混乱局面，政治稳定，经济文化得到发展，商朝从此被称为殷商。', 1, '2025-12-16 13:19:43');
INSERT INTO `event` VALUES (25, '武丁中兴', -1250, -1200, 4, '政治', '武丁时期商朝达到鼎盛', '武丁在位期间，商朝国力达到鼎盛。他任用傅说为相，妇好为将，对外征伐，扩大疆域，对内发展经济文化，史称\"武丁中兴\"。', 1, '2025-12-16 13:19:43');
INSERT INTO `event` VALUES (26, '商纣暴政', -1105, -1046, 4, '政治', '商纣王荒淫无道，商朝灭亡', '商纣王宠妲己，设炮烙之刑，杀比干，囚箕子，导致民怨沸腾。周武王伐纣，在牧野之战中击败商军，纣王自焚，商朝灭亡。', 1, '2025-12-16 13:19:43');
INSERT INTO `event` VALUES (27, '甲骨文成熟', -1200, -1100, 4, '文化', '商代甲骨文成熟，汉字源头', '商代晚期，甲骨文已经非常成熟，记录占卜、祭祀、战争等内容。甲骨文是中国最早的成熟文字系统，为汉字发展奠定基础。', 1, '2025-12-16 13:19:43');
INSERT INTO `event` VALUES (28, '武王伐纣', -1046, -1046, 5, '军事', '周武王联合诸侯讨伐商纣王，牧野之战灭亡商朝', '周武王在吕尚（姜子牙）辅佐下，率领诸侯联军与商军在牧野决战。商军倒戈，纣王自焚于鹿台，商朝灭亡，西周建立。', 1, '2025-12-16 13:19:43');
INSERT INTO `event` VALUES (29, '周公制礼作乐', -1042, -1032, 5, '制度', '周公旦制定周礼，建立典章制度', '武王死后，成王年幼，周公摄政。他制礼作乐，建立分封制、宗法制、井田制等典章制度，奠定了周朝八百年的统治基础。', 1, '2025-12-16 13:19:43');
INSERT INTO `event` VALUES (30, '国人暴动', -842, -841, 5, '政治', '西周厉王时期，国人发动起义驱逐厉王', '周厉王实行专利政策，垄断山林川泽之利，又禁止国人言论自由，导致国人不满。国人发动暴动，攻入王宫，厉王逃亡彘地，由召公、周公共同执政，史称\"共和行政\"。', 1, '2025-12-16 13:19:43');
INSERT INTO `event` VALUES (31, '烽火戏诸侯', -771, -771, 5, '政治', '周幽王为博褒姒一笑，烽火戏诸侯，导致西周灭亡', '周幽王宠爱褒姒，为博她一笑，多次点燃烽火戏弄诸侯。当犬戎真正入侵时，诸侯不再相信，不来救援，镐京被攻破，幽王被杀，西周灭亡。', 1, '2025-12-16 13:19:43');
INSERT INTO `event` VALUES (32, '平王东迁', -770, -770, 6, '政治', '周平王在犬戎入侵后迁都洛邑，东周开始', '西周灭亡后，太子宜臼在诸侯护送下东迁洛邑，建立东周。从此周王室衰微，诸侯势力坐大，进入春秋战国时代。', 2, '2025-12-16 13:19:43');
INSERT INTO `event` VALUES (33, '春秋争霸', -770, -476, 6, '军事', '齐桓公、晋文公、秦穆公、楚庄王相继称霸', '东周前期，周王室衰微，诸侯争霸。齐桓公在管仲辅佐下首先称霸，提出\"尊王攘夷\"口号。其后晋文公、秦穆公、楚庄王相继称霸，史称春秋五霸。', 1, '2025-12-16 13:19:43');
INSERT INTO `event` VALUES (34, '管仲改革', -685, -645, 6, '政治', '齐桓公任用管仲改革，富国强兵', '齐桓公任用管仲为相，推行\"相地而衰征\"、军政合一、士农工商分居等改革，使齐国富强，成为春秋首霸。', 1, '2025-12-16 13:19:43');
INSERT INTO `event` VALUES (35, '城濮之战', -632, -632, 6, '军事', '晋文公在城濮大败楚军', '晋文公流亡十九年回国即位后，整顿内政，发展经济。在城濮之战中采用\"退避三舍\"之计，大败楚军，确立霸主地位。', 1, '2025-12-16 13:19:43');
INSERT INTO `event` VALUES (36, '商鞅变法', -356, -338, 6, '政治', '秦孝公任用商鞅进行变法，奠定秦国强大基础', '商鞅在秦国推行两次变法，内容包括废井田、开阡陌，奖励耕战，实行郡县制，统一度量衡等。变法使秦国国力大增，为日后统一六国奠定基础。', 1, '2025-12-16 13:19:43');
INSERT INTO `event` VALUES (37, '长平之战', -260, -260, 6, '军事', '秦赵长平之战，白起坑杀赵国降卒四十万', '秦赵两国为争夺上党郡爆发大战。秦将白起采用诱敌深入战术，大败赵军，坑杀赵国降卒四十万。此战使赵国元气大伤，秦国统一六国已成定局。', 1, '2025-12-16 13:19:43');
INSERT INTO `event` VALUES (38, '百家争鸣', -600, -221, 6, '文化', '春秋战国时期各种思想学说涌现', '春秋战国时期，社会剧变，各种思想学说涌现，形成儒、道、墨、法、名、阴阳、纵横、杂、农、小说等\"诸子百家\"，互相争鸣，是中国思想史上最辉煌的时期。', 1, '2025-12-16 13:19:43');
INSERT INTO `event` VALUES (39, '孔子周游列国', -497, -484, 6, '文化', '孔子为推行仁政周游列国', '孔子为推行其\"仁政\"思想，带领弟子周游卫、宋、陈、蔡、楚等国，历经十四年，虽不被重用，但传播了儒家思想。', 1, '2025-12-16 13:19:43');
INSERT INTO `event` VALUES (40, '老子出关', -450, -450, 6, '文化', '老子西出函谷关，留下《道德经》', '老子见周室衰微，西出函谷关。关令尹喜强留其著书，老子遂著《道德经》五千言，阐述道家思想。', 1, '2025-12-16 13:19:43');
INSERT INTO `event` VALUES (41, '孙子献书', -512, -512, 6, '军事', '孙武向吴王阖闾献《孙子兵法》', '孙武以《兵法》十三篇见吴王阖闾，吴王令其操练宫女，孙武斩吴王二宠姬，军纪严明，被任为将军。', 1, '2025-12-16 13:19:43');
INSERT INTO `event` VALUES (42, '秦灭六国', -230, -221, 7, '军事', '秦始皇十年间相继灭掉六国，统一中国', '从公元前230年灭韩开始，秦始皇采取远交近攻策略，先后灭韩、赵、魏、楚、燕、齐六国，于公元前221年完成统一，建立秦朝。', 1, '2025-12-16 13:19:43');
INSERT INTO `event` VALUES (43, '统一度量衡', -221, -221, 7, '政治', '秦始皇统一文字、货币、度量衡', '秦始皇下令统一全国文字（小篆）、货币（秦半两）、度量衡标准，车同轨，书同文，对中国历史产生深远影响。', 1, '2025-12-16 13:19:43');
INSERT INTO `event` VALUES (44, '焚书坑儒', -213, -212, 7, '文化', '秦始皇焚毁诗书，坑杀儒生', '秦始皇采纳李斯建议，下令焚烧除秦国史书、医药、卜筮、种树书以外的所有诗书，坑杀议论朝政的儒生四百六十余人，以加强思想控制。', 1, '2025-12-16 13:19:43');
INSERT INTO `event` VALUES (45, '陈胜吴广起义', -209, -208, 7, '军事', '中国历史上第一次大规模农民起义', '秦二世元年，陈胜、吴广在大泽乡因雨误期，为求生而发动起义，提出\"王侯将相宁有种乎\"口号，建立张楚政权，揭开秦末农民战争序幕。', 1, '2025-12-16 13:19:43');
INSERT INTO `event` VALUES (46, '巨鹿之战', -207, -207, 7, '军事', '项羽破釜沉舟，在巨鹿大败秦军', '项羽率楚军与秦军在巨鹿决战。项羽下令破釜沉舟，激励士兵奋勇作战，大败秦军主力章邯部，奠定灭秦基础。', 1, '2025-12-16 13:19:43');
INSERT INTO `event` VALUES (47, '赵高指鹿为马', -207, -207, 7, '政治', '赵高专权，指鹿为马，秦朝灭亡', '秦二世时，赵高专权，为试群臣，在朝堂上献鹿而称马。群臣畏惧赵高，多附和说是马。此事说明赵高专权已极，秦朝即将灭亡。', 1, '2025-12-16 13:19:43');
INSERT INTO `event` VALUES (48, '子婴投降', -206, -206, 7, '军事', '秦王子婴向刘邦投降，秦朝灭亡', '赵高杀秦二世后，立子婴为秦王。子婴诛杀赵高，但刘邦已率兵至灞上。子婴素车白马，系颈以组，奉皇帝玺符，降轵道旁，秦朝正式灭亡。', 1, '2025-12-16 13:19:43');
INSERT INTO `event` VALUES (49, '楚汉相争', -206, -202, 8, '军事', '刘邦与项羽争夺天下，最终刘邦建立汉朝', '秦朝灭亡后，项羽分封十八路诸侯，自立为西楚霸王，封刘邦为汉王。刘邦与项羽展开四年争夺，最终刘邦在垓下之战击败项羽，建立汉朝。', 1, '2025-12-16 13:19:43');
INSERT INTO `event` VALUES (50, '白登之围', -200, -200, 8, '军事', '汉高祖刘邦被匈奴围困于白登山', '汉高祖刘邦亲率大军北击匈奴，被匈奴冒顿单于围困于白登山七天七夜，后采用陈平计策才得以脱险。此后汉朝对匈奴采取和亲政策。', 1, '2025-12-16 13:19:43');
INSERT INTO `event` VALUES (51, '文景之治', -179, -141, 8, '政治', '汉文帝、汉景帝时期，轻徭薄赋，休养生息', '汉文帝、汉景帝父子在位期间，推行黄老无为而治，轻徭薄赋，与民休息，废除肉刑，社会经济得到恢复和发展，为汉武帝时期国力强盛奠定基础。', 1, '2025-12-16 13:19:43');
INSERT INTO `event` VALUES (52, '七国之乱', -154, -154, 8, '军事', '汉景帝时期，七个刘姓诸侯王叛乱', '汉景帝采纳晁错建议削藩，引发吴王刘濞等七个诸侯王叛乱。汉景帝派周亚夫率军平叛，三个月内平定叛乱，中央集权得到加强。', 1, '2025-12-16 13:19:43');
INSERT INTO `event` VALUES (53, '独尊儒术', -134, -134, 8, '文化', '汉武帝采纳董仲舒建议，罢黜百家独尊儒术', '汉武帝采纳儒生董仲舒建议，\"罢黜百家，独尊儒术\"，设立太学，以儒家思想为官方正统思想，对中国后世文化产生深远影响。', 1, '2025-12-16 13:19:43');
INSERT INTO `event` VALUES (54, '张骞通西域', -138, -115, 8, '外交', '张骞两次出使西域，开辟丝绸之路', '汉武帝派张骞出使西域，联络大月氏共同抗击匈奴。张骞两次出使西域，虽未达到军事目的，但开辟了丝绸之路，促进了中西经济文化交流。', 1, '2025-12-16 13:19:43');
INSERT INTO `event` VALUES (55, '卫青霍去病北伐', -133, -119, 8, '军事', '卫青、霍去病多次出击匈奴，收复河西走廊', '汉武帝派卫青、霍去病多次率大军北伐匈奴。卫青收复河套地区，霍去病六击匈奴，打通河西走廊，设置酒泉、武威、张掖、敦煌四郡。', 1, '2025-12-16 13:19:43');
INSERT INTO `event` VALUES (56, '盐铁之议', -81, -81, 8, '经济', '西汉政府召开盐铁会议，讨论盐铁官营政策', '汉昭帝时期，朝廷召开盐铁会议，讨论盐铁官营等政策利弊。贤良文学主张罢盐铁、酒榷、均输，而御史大夫桑弘羊主张继续官营。此次会议反映了朝廷与民间的经济思想冲突。', 1, '2025-12-16 13:19:43');
INSERT INTO `event` VALUES (57, '王莽改制', 8, 23, 9, '政治', '王莽篡汉建立新朝，推行托古改制', '王莽篡夺西汉政权，建立新朝，推行一系列改革，包括井田制、五均六筦、币制改革等。因改革脱离实际，引发社会动荡，最终导致绿林、赤眉起义。', 1, '2025-12-16 13:19:43');
INSERT INTO `event` VALUES (58, '绿林赤眉起义', 17, 27, 9, '军事', '新朝末年农民起义，推翻王莽政权', '新朝末年，湖北绿林军和山东赤眉军相继起义，反对王莽暴政。绿林军拥立刘玄为更始帝，赤眉军拥立刘盆子为帝，最终联合推翻新莽。', 1, '2025-12-16 13:19:43');
INSERT INTO `event` VALUES (59, '光武中兴', 25, 57, 10, '政治', '汉光武帝刘秀建立东汉，实现中兴', '刘秀在绿林赤眉起义中崛起，于公元25年在河北称帝，建立东汉。他统一全国，减轻赋税，与民休息，史称\"光武中兴\"。', 1, '2025-12-16 13:19:43');
INSERT INTO `event` VALUES (60, '班超经营西域', 73, 102, 10, '军事', '班超投笔从戎，经营西域三十一年', '班超奉命出使西域，以\"不入虎穴焉得虎子\"的勇气，联合西域诸国抵御匈奴，恢复东汉对西域的统治，被封为定远侯。', 1, '2025-12-16 13:19:43');
INSERT INTO `event` VALUES (61, '党锢之祸', 166, 184, 10, '政治', '东汉末年，宦官专权，两次打击士大夫集团', '东汉桓帝、灵帝时期，宦官专权，与士大夫集团矛盾激化。宦官两次制造\"党锢\"，逮捕、流放、禁锢\"党人\"，导致统治集团分裂，加速东汉灭亡。', 1, '2025-12-16 13:19:43');
INSERT INTO `event` VALUES (62, '黄巾起义', 184, 205, 10, '军事', '张角领导的农民起义，标志东汉名存实亡', '张角创立太平道，以\"苍天已死，黄天当立\"为口号，发动农民起义。起义军头裹黄巾，故称黄巾军。起义虽被镇压，但东汉政权名存实亡，进入军阀割据。', 1, '2025-12-16 13:19:43');
INSERT INTO `event` VALUES (63, '董卓之乱', 189, 192, 10, '军事', '董卓率兵入京，专权暴政，引发诸侯讨伐', '大将军何进召董卓入京除宦官，董卓趁机控制朝政，废少帝立献帝，专权暴政。袁绍、曹操等诸侯组成联军讨伐，董卓被迫迁都长安，后被吕布所杀。', 1, '2025-12-16 13:19:43');
INSERT INTO `event` VALUES (64, '王允连环计', 192, 192, 10, '政治', '王允用貂蝉设连环计，离间董卓吕布', '司徒王允为除董卓，收歌姬貂蝉为义女，先许吕布，后献董卓，离间二人关系。最终吕布杀董卓，但王允也被董卓部将所杀。', 1, '2025-12-16 13:19:43');
INSERT INTO `event` VALUES (65, '官渡之战', 200, 200, 11, '军事', '曹操在官渡大败袁绍，奠定统一北方基础', '曹操与袁绍在官渡决战。曹操以少胜多，大败袁绍十万大军，袁绍从此一蹶不振。此战奠定曹操统一北方的基础。', 1, '2025-12-16 13:19:43');
INSERT INTO `event` VALUES (66, '赤壁之战', 208, 208, 11, '军事', '孙权、刘备联军在赤壁大败曹操', '曹操率大军南征，欲统一全国。孙权、刘备联军在周瑜、诸葛亮策划下，采用火攻，在赤壁大败曹军。此战奠定三国鼎立格局。', 1, '2025-12-16 13:19:43');
INSERT INTO `event` VALUES (67, '三国鼎立', 220, 280, 11, '政治', '魏、蜀、吴三国鼎立，相互制衡', '曹丕代汉建魏，刘备在成都称帝建蜀，孙权在建业称王建吴，形成三国鼎立局面。三国之间相互制衡，时而联合，时而战争。', 1, '2025-12-16 13:19:43');
INSERT INTO `event` VALUES (68, '诸葛亮北伐', 228, 234, 12, '军事', '诸葛亮六出祁山，北伐曹魏', '诸葛亮为完成刘备遗志，六出祁山北伐曹魏。虽取得一些胜利，但因国力悬殊，最终未能成功，病逝于五丈原。', 1, '2025-12-16 13:19:43');
INSERT INTO `event` VALUES (69, '六出祁山', 228, 234, 12, '军事', '诸葛亮六次北伐曹魏的军事行动', '诸葛亮为完成刘备遗志，先后六次率军北伐曹魏，采取兵出祁山的战略。虽取得一些局部胜利，但因国力悬殊和后方补给困难，最终未能成功。', 1, '2025-12-16 13:19:43');
INSERT INTO `event` VALUES (70, '夷陵之战', 222, 222, 13, '军事', '陆逊在夷陵击败刘备，巩固东吴基业', '刘备为夺回荆州、为关羽报仇，亲率大军伐吴。吴将陆逊采用火攻，在夷陵大败蜀军，刘备退守白帝城，不久病逝。', 1, '2025-12-16 13:19:43');
INSERT INTO `event` VALUES (71, '司马氏专权', 249, 265, 11, '政治', '司马懿及其子司马师、司马昭专权曹魏', '司马懿在高平陵之变中诛杀曹爽，开始专权曹魏。其子司马师、司马昭相继掌权，废立皇帝，为司马炎代魏建晋奠定基础。', 1, '2025-12-16 13:19:43');
INSERT INTO `event` VALUES (72, '高平陵之变', 249, 249, 11, '政治', '司马懿发动政变，诛杀曹爽', '司马懿趁曹爽陪同皇帝祭扫高平陵之机，发动政变，控制洛阳，迫使曹爽投降并将其诛杀，从此司马氏专权曹魏。', 1, '2025-12-16 13:19:43');
INSERT INTO `event` VALUES (73, '西晋统一', 265, 280, 14, '军事', '司马炎代魏建晋，统一三国', '司马炎代魏称帝，建立西晋。公元280年，晋军六路伐吴，灭亡东吴，结束三国鼎立，统一中国。', 1, '2025-12-16 13:19:43');
INSERT INTO `event` VALUES (74, '八王之乱', 291, 306, 14, '军事', '西晋宗室八王为争夺皇位而内战', '晋武帝司马炎死后，惠帝司马衷即位。八个司马氏宗室王为争夺皇位，相互攻杀，导致西晋国力大衰，五胡趁机入侵。', 1, '2025-12-16 13:19:43');
INSERT INTO `event` VALUES (75, '永嘉之乱', 311, 316, 14, '军事', '匈奴刘渊、刘聪攻破洛阳、长安，西晋灭亡', '八王之乱后，西晋国力衰弱。匈奴刘渊建立汉赵，其子刘聪先后攻破洛阳、长安，俘虏晋怀帝、晋愍帝，西晋灭亡。', 1, '2025-12-16 13:19:43');
INSERT INTO `event` VALUES (76, '衣冠南渡', 317, 317, 15, '政治', '西晋灭亡，司马睿南渡建康，建立东晋', '西晋灭亡后，琅邪王司马睿在南北士族支持下，南渡建康称帝，建立东晋。大批北方士族和民众南迁，史称\"衣冠南渡\"。', 2, '2025-12-16 13:19:43');
INSERT INTO `event` VALUES (77, '淝水之战', 383, 383, 15, '军事', '东晋在淝水大败前秦，保卫江南', '前秦苻坚率百万大军南征，欲灭东晋。东晋谢安、谢玄以八万北府兵在淝水大败前秦军，保卫了江南，使南北对峙局面延续。', 1, '2025-12-16 13:19:43');
INSERT INTO `event` VALUES (78, '王敦之乱', 322, 324, 15, '军事', '王敦起兵叛乱', '东晋初年，王敦以诛刘隗为名两次起兵叛乱，攻入建康，威胁朝廷。后王敦病死，叛乱平定。', 1, '2025-12-16 13:19:43');
INSERT INTO `event` VALUES (79, '苏峻之乱', 327, 329, 15, '军事', '苏峻、祖约叛乱', '历阳太守苏峻与祖约不满朝廷，起兵叛乱，攻入建康，后苏峻战死，叛乱被平定。', 1, '2025-12-16 13:19:43');
INSERT INTO `event` VALUES (80, '孝文帝改革', 471, 499, 16, '政治', '北魏孝文帝推行汉化改革，迁都洛阳，促进民族融合', '北魏孝文帝迁都洛阳，推行汉化改革：改汉姓、说汉话、穿汉服、与汉族通婚、采用汉族官制等。改革促进了北方民族融合，为隋唐统一奠定基础。', 2, '2025-12-16 13:19:43');
INSERT INTO `event` VALUES (81, '隋统一南北', 581, 589, 17, '政治', '隋文帝杨坚统一南北，结束近三百年分裂', '北周外戚杨坚夺取政权，建立隋朝，是为隋文帝。他派杨广、杨素率军灭陈，统一南北，结束自西晋灭亡以来近三百年的分裂局面。', 1, '2025-12-16 13:19:43');
INSERT INTO `event` VALUES (82, '开凿大运河', 605, 610, 17, '工程', '隋炀帝征发民夫开凿京杭大运河', '隋炀帝为沟通南北交通，征发数百万民夫开凿大运河，以洛阳为中心，北达涿郡，南至余杭。大运河促进了南北经济文化交流，但劳民伤财，引发民怨。', 1, '2025-12-16 13:19:43');
INSERT INTO `event` VALUES (83, '三征高句丽', 612, 614, 17, '军事', '隋炀帝三次征讨高句丽，均以失败告终', '隋炀帝为恢复汉时疆域，三次征讨高句丽。因劳师远征、后勤不继、指挥失当，三次均失败，损失惨重，引发大规模农民起义。', 1, '2025-12-16 13:19:43');
INSERT INTO `event` VALUES (84, '瓦岗军起义', 611, 618, 17, '军事', '翟让、李密领导瓦岗军起义', '隋末农民起义中，翟让、李密领导的瓦岗军是主要力量之一。瓦岗军攻占洛口仓，开仓济民，队伍发展到数十万人，最终失败。', 1, '2025-12-16 13:19:43');
INSERT INTO `event` VALUES (85, '玄武门之变', 626, 626, 18, '政治', '李世民发动政变，杀死兄弟，逼父退位', '秦王李世民与太子李建成、齐王李元吉矛盾激化。李世民在玄武门设伏，杀死建成、元吉，逼迫唐高祖李渊退位，自立为帝，是为唐太宗。', 1, '2025-12-16 13:19:43');
INSERT INTO `event` VALUES (86, '贞观之治', 627, 649, 18, '政治', '唐太宗时期，政治清明，经济繁荣，文化昌盛', '唐太宗吸取隋亡教训，任用贤臣，虚心纳谏，轻徭薄赋，完善科举制度。贞观年间，政治清明，社会安定，经济繁荣，文化昌盛，史称\"贞观之治\"。', 1, '2025-12-16 13:19:43');
INSERT INTO `event` VALUES (87, '文成公主入藏', 641, 641, 18, '外交', '唐太宗将文成公主嫁给松赞干布', '唐太宗将宗室女文成公主嫁给吐蕃赞普松赞干布。文成公主带去大量书籍、工匠、种子等，促进了汉藏经济文化交流。', 1, '2025-12-16 13:19:43');
INSERT INTO `event` VALUES (88, '玄奘西行', 629, 645, 18, '文化', '玄奘西行取经，历时十七年', '唐朝高僧玄奘为求取佛经真义，从长安出发，历尽艰辛，西行印度取经。历时十七年，带回大量佛经，著有《大唐西域记》，为中国佛教发展作出巨大贡献。', 1, '2025-12-16 13:19:43');
INSERT INTO `event` VALUES (89, '武则天称帝', 690, 705, 18, '政治', '武则天废唐建周，成为中国历史上唯一的女皇帝', '武则天原为唐太宗才人，后成为唐高宗皇后。高宗死后，她临朝称制，于公元690年废唐建周，自立为帝，成为中国历史上唯一的女皇帝。', 1, '2025-12-16 13:19:43');
INSERT INTO `event` VALUES (90, '开元盛世', 713, 741, 18, '政治', '唐玄宗前期，政治清明，经济繁荣，文化辉煌', '唐玄宗前期任用姚崇、宋璟等贤相，整顿吏治，发展经济，文化繁荣。开元年间，唐朝国力强盛，疆域辽阔，经济繁荣，文化辉煌，史称\"开元盛世\"。', 1, '2025-12-16 13:19:43');
INSERT INTO `event` VALUES (91, '安史之乱', 755, 763, 18, '军事', '安禄山、史思明发动叛乱，唐朝由盛转衰', '唐玄宗宠信安禄山，使其兼任三镇节度使。安禄山于公元755年在范阳起兵反叛，攻占洛阳、长安。叛军虽被平定，但唐朝元气大伤，由盛转衰。', 1, '2025-12-16 13:19:43');
INSERT INTO `event` VALUES (92, '马嵬驿兵变', 756, 756, 18, '军事', '安史之乱中，禁军哗变，杨贵妃被赐死', '安史之乱中，唐玄宗逃往蜀地，途经马嵬驿。禁军哗变，杀死杨国忠，逼迫唐玄宗赐死杨贵妃。玄宗无奈，命高力士缢死杨贵妃。', 1, '2025-12-16 13:19:43');
INSERT INTO `event` VALUES (93, '黄巢起义', 875, 884, 18, '军事', '黄巢领导的农民起义，攻入长安', '黄巢响应王仙芝起义，后成为领袖。他率领义军转战南北，于公元880年攻入长安，建立大齐政权。后起义失败，黄巢自杀。', 1, '2025-12-16 13:19:43');
INSERT INTO `event` VALUES (94, '陈桥兵变', 960, 960, 20, '军事', '赵匡胤发动兵变，黄袍加身，建立宋朝', '后周殿前都点检赵匡胤奉命北伐，行至陈桥驿，部下将士将黄袍披在他身上，拥立为帝。赵匡胤回师开封，代周建宋。', 1, '2025-12-16 13:19:43');
INSERT INTO `event` VALUES (95, '杯酒释兵权', 961, 961, 20, '政治', '宋太祖通过宴会解除将领兵权', '宋太祖赵匡胤为避免武将专权威胁皇权，设宴请石守信等禁军将领饮酒，劝说他们交出兵权，给予优厚待遇。将领们纷纷称病辞职，交出兵权。', 1, '2025-12-16 13:19:43');
INSERT INTO `event` VALUES (96, '澶渊之盟', 1005, 1005, 20, '外交', '宋辽签订澶渊之盟，实现百年和平', '宋真宗在寇准力主下亲征，在澶州击败辽军。双方签订澶渊之盟：宋每年给辽岁币银十万两、绢二十万匹，双方约为兄弟之国，此后百余年和平相处。', 1, '2025-12-16 13:19:43');
INSERT INTO `event` VALUES (97, '庆历新政', 1043, 1045, 20, '政治', '范仲淹推行庆历新政，试图改革弊政', '范仲淹针对宋朝积贫积弱局面，提出明黜陟、抑侥幸、精贡举、择官长、均公田、厚农桑、修武备、减徭役、覃恩信、重命令等十项改革措施，但因保守派反对而失败。', 1, '2025-12-16 13:19:43');
INSERT INTO `event` VALUES (98, '王安石变法', 1069, 1085, 20, '政治', '王安石推行新法，试图富国强兵', '宋神宗任用王安石推行变法，包括青苗法、募役法、市易法、方田均税法等。变法虽增加国家收入，但因执行不当遭保守派反对，最终失败。', 1, '2025-12-16 13:19:43');
INSERT INTO `event` VALUES (99, '靖康之变', 1127, 1127, 20, '军事', '金兵攻破汴京，北宋灭亡', '金兵南下攻破汴京，俘虏宋徽宗、宋钦宗及宗室、大臣三千余人，北宋灭亡。康王赵构南渡，建立南宋。', 2, '2025-12-16 13:19:43');
INSERT INTO `event` VALUES (100, '岳飞抗金', 1134, 1142, 23, '军事', '岳飞率领岳家军抗击金兵，收复失地', '岳飞组建岳家军，纪律严明，英勇善战，多次北伐，收复襄阳六郡和郑州、洛阳等地。但宋高宗和秦桧主和，以\"莫须有\"罪名杀害岳飞。', 1, '2025-12-16 13:19:43');
INSERT INTO `event` VALUES (101, '绍兴和议', 1141, 1141, 23, '外交', '宋金签订绍兴和议，南宋称臣纳贡', '宋金签订绍兴和议：宋向金称臣，每年纳贡银二十五万两、绢二十五万匹；双方以淮河至大散关为界。此议使南宋得以偏安江南。', 1, '2025-12-16 13:19:43');
INSERT INTO `event` VALUES (102, '采石之战', 1161, 1161, 23, '军事', '虞允文在采石矶大败金军', '金主完颜亮率大军南侵，企图灭亡南宋。南宋文臣虞允文临危受命，在采石矶指挥宋军大败金军，保全了南宋政权。', 1, '2025-12-16 13:19:43');
INSERT INTO `event` VALUES (103, '崖山海战', 1279, 1279, 23, '军事', '南宋与元朝的最后一次决战，南宋灭亡', '元军追击南宋残余势力至崖山。宋军战败，陆秀夫背负幼帝赵昺投海殉国，南宋灭亡。此次海战标志着元朝统一中国。', 1, '2025-12-16 13:19:43');
INSERT INTO `event` VALUES (104, '蒙古西征', 1219, 1260, 25, '军事', '成吉思汗及其子孙三次西征，建立蒙古帝国', '成吉思汗及其子孙先后发动三次大规模西征，征服中亚、西亚、东欧广大地区，建立横跨欧亚的蒙古帝国，对世界历史产生重大影响。', 1, '2025-12-16 13:19:43');
INSERT INTO `event` VALUES (105, '忽必烈建元', 1271, 1271, 25, '政治', '忽必烈改国号为元，定都大都', '忽必烈在1260年继承蒙古汗位，1271年改国号为元，定都大都（今北京），建立元朝。1279年灭南宋，统一中国。', 2, '2025-12-16 13:19:43');
INSERT INTO `event` VALUES (106, '行省制度', 1271, 1368, 25, '政治', '元朝推行行省制，影响后世行政区划', '元朝在地方推行行省制度，全国设中书省及十个行中书省。行省制度加强了中央集权，对后世行政区划产生深远影响，沿用至今。', 1, '2025-12-16 13:19:43');
INSERT INTO `event` VALUES (107, '红巾军起义', 1351, 1368, 25, '军事', '韩山童、刘福通领导的红巾军起义', '元末政治腐败，灾害频繁。韩山童、刘福通以白莲教组织起义，起义军头裹红巾，故称红巾军。红巾军起义最终推翻元朝统治。', 1, '2025-12-16 13:19:43');
INSERT INTO `event` VALUES (108, '朱元璋建明', 1368, 1368, 26, '政治', '朱元璋推翻元朝，建立明朝', '朱元璋参加红巾军起义，逐渐壮大势力，消灭陈友谅、张士诚等割据势力。1368年在南京称帝，建立明朝，派徐达北伐攻占大都，元朝灭亡。', 2, '2025-12-16 13:19:43');
INSERT INTO `event` VALUES (109, '洪武之治', 1368, 1398, 26, '政治', '明太祖朱元璋统治时期，政治严酷，经济恢复', '明太祖朱元璋推翻元朝后，采取一系列措施恢复经济：奖励垦荒，移民屯田，兴修水利，减免赋役。同时加强皇权，废丞相，设锦衣卫，实行严刑峻法。', 1, '2025-12-16 13:19:43');
INSERT INTO `event` VALUES (110, '靖难之役', 1399, 1402, 26, '军事', '燕王朱棣起兵反对建文帝，夺取皇位', '明太祖死后，皇太孙朱允炆即位，是为建文帝。建文帝削藩，燕王朱棣以\"清君侧\"为名起兵，经过四年战争，攻占南京，建文帝失踪，朱棣即位，是为明成祖。', 1, '2025-12-16 13:19:43');
INSERT INTO `event` VALUES (111, '郑和下西洋', 1405, 1433, 26, '外交', '郑和七次下西洋，远航至非洲东海岸', '明成祖派郑和率庞大船队七次下西洋，访问亚非三十多个国家和地区，最远到达非洲东海岸和红海沿岸。郑和下西洋比欧洲大航海早半个多世纪，显示了明朝国力强盛。', 1, '2025-12-16 13:19:43');
INSERT INTO `event` VALUES (112, '土木堡之变', 1449, 1449, 26, '军事', '明英宗在土木堡被瓦剌俘虏', '明英宗在宦官王振鼓动下，亲征瓦剌。明军在土木堡被瓦剌包围，全军覆没，英宗被俘，史称\"土木堡之变\"。此战后明朝由盛转衰。', 1, '2025-12-16 13:19:43');
INSERT INTO `event` VALUES (113, '北京保卫战', 1449, 1449, 26, '军事', '于谦领导北京保卫战，击退瓦剌', '土木堡之变后，瓦剌挟持英宗进攻北京。兵部尚书于谦力主抗战，拥立景帝，领导北京军民击退瓦剌，保卫了明朝。', 2, '2025-12-16 13:19:43');
INSERT INTO `event` VALUES (114, '夺门之变', 1457, 1457, 26, '政治', '明英宗复辟，重新登基', '明代宗病重，太上皇英宗在石亨、徐有贞、曹吉祥等人策划下，乘景帝病危发动政变，夺东华门入宫，重新登基，废景帝为郕王。', 1, '2025-12-16 13:19:43');
INSERT INTO `event` VALUES (115, '戚继光抗倭', 1555, 1566, 26, '军事', '戚继光在东南沿海抗击倭寇', '明朝嘉靖年间，倭寇频繁侵扰东南沿海。戚继光组建戚家军，发明鸳鸯阵，在台州、福建、广东等地多次大败倭寇，基本平定倭患。', 1, '2025-12-16 13:19:43');
INSERT INTO `event` VALUES (116, '张居正改革', 1573, 1582, 26, '政治', '张居正推行一条鞭法，整顿吏治', '明朝万历初年，首辅张居正推行改革：整顿吏治，实行考成法；推行一条鞭法，简化赋役；整饬边防，任用戚继光等名将。改革使明朝国力有所恢复。', 1, '2025-12-16 13:19:43');
INSERT INTO `event` VALUES (117, '萨尔浒之战', 1619, 1619, 26, '军事', '后金在萨尔浒大败明军', '明朝派杨镐率四路大军讨伐后金努尔哈赤。努尔哈赤采取\"凭你几路来，我只一路去\"的战术，在萨尔浒集中兵力，各个击破，大败明军。此战后明朝在辽东转入守势。', 1, '2025-12-16 13:19:43');
INSERT INTO `event` VALUES (118, '李自成进京', 1644, 1644, 26, '军事', '李自成攻入北京，崇祯帝自缢', '李自成率大顺军攻破北京，崇祯帝在煤山自缢，明朝灭亡。李自成在北京称帝，但很快在山海关被吴三桂与清军击败，退出北京。', 2, '2025-12-16 13:19:43');
INSERT INTO `event` VALUES (119, '清军入关', 1644, 1644, 27, '军事', '清军入关，取代明朝统治', '李自成攻占北京，崇祯帝自缢，明朝灭亡。山海关总兵吴三桂降清，引清军入关。清军击败李自成，占领北京，顺治帝定都北京，开始清朝对全国的统治。', 2, '2025-12-16 13:19:43');
INSERT INTO `event` VALUES (120, '平定三藩', 1673, 1681, 27, '军事', '康熙帝平定三藩之乱', '康熙帝决定撤除三藩（吴三桂、尚可喜、耿精忠），引发三藩叛乱。康熙帝派兵讨伐，历时八年，最终平定叛乱，巩固了清朝统治。', 1, '2025-12-16 13:19:43');
INSERT INTO `event` VALUES (121, '统一台湾', 1683, 1683, 27, '军事', '康熙帝统一台湾，设台湾府', '康熙帝派施琅率军攻台，灭郑氏政权，统一台湾。次年设台湾府，隶属福建省。台湾正式纳入清朝版图。', 1, '2025-12-16 13:19:43');
INSERT INTO `event` VALUES (122, '雅克萨之战', 1685, 1689, 27, '军事', '清军击败沙俄侵略军，签订《尼布楚条约》', '康熙帝派军两次在雅克萨击败沙俄侵略军，迫使沙俄谈判。1689年签订《尼布楚条约》，划定中俄东段边界，是中国与外国签订的第一个平等条约。', 1, '2025-12-16 13:19:43');
INSERT INTO `event` VALUES (123, '三征噶尔丹', 1690, 1697, 27, '军事', '康熙帝三次亲征噶尔丹', '康熙帝三次亲征，最终平定准噶尔部噶尔丹叛乱，统一漠北蒙古，加强了对蒙古地区的统治。', 1, '2025-12-16 13:19:43');
INSERT INTO `event` VALUES (124, '康乾盛世', 1681, 1796, 27, '政治', '康熙、雍正、乾隆三朝盛世，清朝国力鼎盛', '康熙、雍正、乾隆三朝，清朝政治稳定，经济繁荣，疆域辽阔，文化昌盛，史称\"康乾盛世\"。但盛极而衰，乾隆后期已现衰败迹象。', 1, '2025-12-16 13:19:43');
INSERT INTO `event` VALUES (125, '九子夺嫡', 1708, 1722, 27, '政治', '康熙晚年诸子争夺太子之位', '康熙帝两度废太子允礽，导致诸皇子争夺储位。最终四子胤禛胜出，继承皇位，是为雍正帝。', 1, '2025-12-16 13:19:43');
INSERT INTO `event` VALUES (126, '文字狱', 1711, 1781, 27, '文化', '清朝大兴文字狱，加强思想控制', '清朝为压制汉族知识分子反清思想，大兴文字狱。凡被认为有反清、讥讽朝廷内容的文字，作者即被治罪，株连甚广。文字狱严重禁锢了思想文化的发展。', 1, '2025-12-16 13:19:43');
INSERT INTO `event` VALUES (127, '四库全书', 1773, 1782, 27, '文化', '乾隆帝下令编纂《四库全书》', '乾隆帝下令编纂《四库全书》，收书3500余种，79000余卷，分经、史、子、集四部。这是中国古代最大的一部丛书，但编纂过程中也销毁了大量被认为有违碍的书籍。', 1, '2025-12-16 13:19:43');
INSERT INTO `event` VALUES (128, '鸦片战争', 1840, 1842, 27, '外交', '英国发动鸦片战争，中国战败，签订《南京条约》', '英国为打开中国市场，借口虎门销烟发动侵华战争。清朝战败，被迫签订《南京条约》，割让香港，开放五口通商，赔款2100万银元，中国开始沦为半殖民地半封建社会。', 1, '2025-12-16 13:19:43');
INSERT INTO `event` VALUES (129, '太平天国运动', 1851, 1864, 27, '军事', '洪秀全领导的农民起义，建立太平天国', '洪秀全创立拜上帝会，在广西金田起义，建立太平天国，攻占南京，改称天京。太平天国运动历时十四年，席卷大半个中国，最终被清政府联合外国势力镇压。', 1, '2025-12-16 13:19:43');
INSERT INTO `event` VALUES (130, '洋务运动', 1861, 1895, 27, '经济', '清朝自强运动，引进西方技术', '清朝在曾国藩、李鸿章、左宗棠、张之洞等推动下，创办近代军事工业和民用工业，建立新式海军，派遣留学生，企图\"师夷长技以自强\"。但因制度腐败，最终失败。', 1, '2025-12-16 13:19:43');
INSERT INTO `event` VALUES (131, '甲午战争', 1894, 1895, 27, '军事', '中日甲午战争，中国战败，北洋海军全军覆没', '日本为争夺朝鲜和中国，发动甲午战争。清朝战败，签订《马关条约》，割让台湾、澎湖，赔款二亿两白银。这场战争标志着洋务运动的失败。', 1, '2025-12-16 13:19:43');
INSERT INTO `event` VALUES (132, '戊戌变法', 1898, 1898, 27, '政治', '光绪帝颁布诏令，推行百日维新', '光绪帝在康有为、梁启超、谭嗣同等维新派推动下，颁布一系列变法诏令，涉及政治、经济、军事、文化等方面，试图挽救清朝危亡。但慈禧太后发动政变，变法失败。', 2, '2025-12-16 13:19:43');
INSERT INTO `event` VALUES (133, '义和团运动', 1899, 1901, 27, '军事', '义和团运动，反帝爱国斗争', '义和团运动兴起于山东、直隶，以\"扶清灭洋\"为口号，反对外国侵略。八国联军侵华，义和团奋起抵抗，但最终在中外势力联合镇压下失败。', 1, '2025-12-16 13:19:43');
INSERT INTO `event` VALUES (134, '辛亥革命', 1911, 1912, 27, '政治', '辛亥革命推翻清朝，结束中国两千多年封建帝制', '孙中山领导的革命党人在武昌起义成功，各省纷纷响应。1912年，清帝溥仪退位，清朝灭亡，中国两千多年的封建帝制终结，中华民国成立。', 1, '2025-12-16 13:19:43');

-- ----------------------------
-- Table structure for geo_region
-- ----------------------------
DROP TABLE IF EXISTS `geo_region`;
CREATE TABLE `geo_region`  (
  `id` bigint UNSIGNED NOT NULL AUTO_INCREMENT COMMENT '主键ID',
  `name` varchar(200) CHARACTER SET utf8mb4 COLLATE utf8mb4_0900_ai_ci NOT NULL COMMENT '疆域名称，如“唐代疆域（贞观）”',
  `dynasty_id` bigint UNSIGNED NULL DEFAULT NULL COMMENT '所属朝代ID',
  `period_start_year` int NULL DEFAULT NULL COMMENT '对应历史时期起始年份',
  `period_end_year` int NULL DEFAULT NULL COMMENT '对应历史时期结束年份',
  `geojson` longtext CHARACTER SET utf8mb4 COLLATE utf8mb4_0900_ai_ci NULL COMMENT '存储 GeoJSON 数据',
  `description` text CHARACTER SET utf8mb4 COLLATE utf8mb4_0900_ai_ci NULL COMMENT '描述信息',
  `created_at` timestamp NOT NULL DEFAULT CURRENT_TIMESTAMP COMMENT '创建时间',
  PRIMARY KEY (`id`) USING BTREE,
  INDEX `fk_geo_region_dynasty`(`dynasty_id` ASC) USING BTREE,
  CONSTRAINT `fk_geo_region_dynasty` FOREIGN KEY (`dynasty_id`) REFERENCES `dynasty` (`id`) ON DELETE SET NULL ON UPDATE RESTRICT
) ENGINE = InnoDB AUTO_INCREMENT = 21 CHARACTER SET = utf8mb4 COLLATE = utf8mb4_0900_ai_ci COMMENT = '历史疆域/地理区域表（支持 GeoJSON）' ROW_FORMAT = Dynamic;

-- ----------------------------
-- Records of geo_region
-- ----------------------------
INSERT INTO `geo_region` VALUES (1, '三皇时代部落分布（传说时期）', 1, NULL, NULL, '{ \"type\": \"FeatureCollection\", \"features\": [{ \"type\": \"Feature\", \"properties\": { \"name\": \"黄河流域部落\" }, \"geometry\": { \"type\": \"Polygon\", \"coordinates\": [[[108, 34], [118, 34], [118, 40], [108, 40], [108, 34]]] } }] }', '传说中三皇（燧人氏、伏羲氏、神农氏）时期的部落分布，主要在黄河流域', '2025-12-16 13:19:43');
INSERT INTO `geo_region` VALUES (2, '五帝时代部落联盟疆域（约公元前2500年）', 2, -2500, -2200, '{ \"type\": \"FeatureCollection\", \"features\": [{ \"type\": \"Feature\", \"properties\": { \"name\": \"华夏部落联盟\" }, \"geometry\": { \"type\": \"Polygon\", \"coordinates\": [[[110, 30], [120, 30], [120, 40], [110, 40], [110, 30]]] } }] }', '五帝时代（黄帝、颛顼、帝喾、尧、舜）部落联盟的活动范围，涵盖中原地区', '2025-12-16 13:19:43');
INSERT INTO `geo_region` VALUES (3, '秦朝疆域（公元前221年统一后）', 7, -221, -207, '{ \"type\": \"Feature\", \"properties\": { \"dynasty\": \"秦朝\" }, \"geometry\": { \"type\": \"Polygon\", \"coordinates\": [ [ [ 105, 35 ], [ 120, 35 ], [ 120, 42 ], [ 110, 42 ], [ 105, 40 ], [ 105, 35 ] ] ] } }', '秦朝统一六国后的疆域，东至海，西至陇西，南至南海，北至长城', '2025-12-16 13:19:43');
INSERT INTO `geo_region` VALUES (4, '西汉鼎盛疆域（公元前60年）', 8, -60, 8, '{ \"type\": \"Feature\", \"properties\": { \"dynasty\": \"西汉\" }, \"geometry\": { \"type\": \"Polygon\", \"coordinates\": [ [ [ 95, 35 ], [ 125, 35 ], [ 125, 50 ], [ 110, 50 ], [ 95, 40 ], [ 95, 35 ] ] ] } }', '汉武帝时期开拓西域后的疆域，东至朝鲜半岛，西至葱岭，南至南海，北至大漠', '2025-12-16 13:19:43');
INSERT INTO `geo_region` VALUES (5, '东汉疆域（公元100年）', 10, 50, 180, '{ \"type\": \"Feature\", \"properties\": { \"dynasty\": \"东汉\" }, \"geometry\": { \"type\": \"Polygon\", \"coordinates\": [ [ [ 100, 30 ], [ 125, 30 ], [ 125, 45 ], [ 110, 45 ], [ 100, 40 ], [ 100, 30 ] ] ] } }', '东汉鼎盛时期疆域，失去部分西域控制', '2025-12-16 13:19:43');
INSERT INTO `geo_region` VALUES (6, '三国鼎立疆域（公元220年）', 11, 220, 280, '{ \"type\": \"FeatureCollection\", \"features\": [ { \"type\": \"Feature\", \"properties\": { \"name\": \"魏国\" }, \"geometry\": { \"type\": \"Polygon\", \"coordinates\": [[[105,35],[120,35],[120,45],[105,45],[105,35]]] } }, { \"type\": \"Feature\", \"properties\": { \"name\": \"吴国\" }, \"geometry\": { \"type\": \"Polygon\", \"coordinates\": [[[110,25],[125,25],[125,35],[110,35],[110,25]]] } }, { \"type\": \"Feature\", \"properties\": { \"name\": \"蜀国\" }, \"geometry\": { \"type\": \"Polygon\", \"coordinates\": [[[100,25],[110,25],[110,35],[100,35],[100,25]]] } } ] }', '三国时期的疆域分布，魏、蜀、吴三分天下', '2025-12-16 13:19:43');
INSERT INTO `geo_region` VALUES (7, '西晋统一疆域（公元280年）', 14, 280, 316, '{ \"type\": \"Feature\", \"properties\": { \"dynasty\": \"西晋\" }, \"geometry\": { \"type\": \"Polygon\", \"coordinates\": [ [ [ 95, 30 ], [ 125, 30 ], [ 125, 45 ], [ 110, 45 ], [ 95, 40 ], [ 95, 30 ] ] ] } }', '西晋统一后的疆域，基本恢复东汉版图', '2025-12-16 13:19:43');
INSERT INTO `geo_region` VALUES (8, '东晋与十六国疆域（公元350年）', 15, 317, 420, '{ \"type\": \"FeatureCollection\", \"features\": [ { \"type\": \"Feature\", \"properties\": { \"name\": \"东晋\" }, \"geometry\": { \"type\": \"Polygon\", \"coordinates\": [[[110,25],[125,25],[125,35],[110,35],[110,25]]] } }, { \"type\": \"Feature\", \"properties\": { \"name\": \"北方十六国\" }, \"geometry\": { \"type\": \"Polygon\", \"coordinates\": [[[95,35],[110,35],[110,45],[95,45],[95,35]]] } } ] }', '东晋偏安江南，北方十六国并立', '2025-12-16 13:19:43');
INSERT INTO `geo_region` VALUES (9, '南北朝对峙疆域（公元450年）', 16, 420, 589, '{ \"type\": \"FeatureCollection\", \"features\": [ { \"type\": \"Feature\", \"properties\": { \"name\": \"南朝（宋齐梁陈）\" }, \"geometry\": { \"type\": \"Polygon\", \"coordinates\": [[[110,25],[125,25],[125,35],[110,35],[110,25]]] } }, { \"type\": \"Feature\", \"properties\": { \"name\": \"北朝（北魏）\" }, \"geometry\": { \"type\": \"Polygon\", \"coordinates\": [[[95,35],[110,35],[110,45],[95,45],[95,35]]] } } ] }', '南北朝时期南北对峙，南朝宋、齐、梁、陈相继，北朝北魏统一北方', '2025-12-16 13:19:43');
INSERT INTO `geo_region` VALUES (10, '隋朝疆域（公元590年）', 17, 589, 612, '{ \"type\": \"Feature\", \"properties\": { \"dynasty\": \"隋朝\" }, \"geometry\": { \"type\": \"Polygon\", \"coordinates\": [ [ [ 95, 25 ], [ 125, 25 ], [ 125, 45 ], [ 110, 45 ], [ 95, 40 ], [ 95, 25 ] ] ] } }', '隋朝统一南北后的疆域，恢复汉晋版图', '2025-12-16 13:19:43');
INSERT INTO `geo_region` VALUES (11, '唐朝疆域（公元660年）', 18, 660, 750, '{ \"type\": \"Feature\", \"properties\": { \"dynasty\": \"唐朝\" }, \"geometry\": { \"type\": \"Polygon\", \"coordinates\": [ [ [ 80, 30 ], [ 135, 30 ], [ 135, 55 ], [ 120, 55 ], [ 100, 50 ], [ 80, 40 ], [ 80, 30 ] ] ] } }', '唐高宗时期疆域，东至朝鲜半岛，西至咸海，南至越南，北至贝加尔湖', '2025-12-16 13:19:43');
INSERT INTO `geo_region` VALUES (12, '北宋疆域（公元1100年）', 20, 1000, 1127, '{ \"type\": \"Feature\", \"properties\": { \"dynasty\": \"北宋\" }, \"geometry\": { \"type\": \"Polygon\", \"coordinates\": [ [ [ 110, 30 ], [ 122, 30 ], [ 122, 40 ], [ 110, 40 ], [ 110, 30 ] ] ] } }', '北宋与辽、西夏对峙时期的疆域，失去燕云十六州', '2025-12-16 13:19:43');
INSERT INTO `geo_region` VALUES (13, '辽朝疆域（公元1100年）', 21, 916, 1125, '{ \"type\": \"Feature\", \"properties\": { \"dynasty\": \"辽朝\" }, \"geometry\": { \"type\": \"Polygon\", \"coordinates\": [ [ [ 110, 40 ], [ 130, 40 ], [ 130, 55 ], [ 110, 55 ], [ 110, 40 ] ] ] } }', '辽朝疆域，包括东北、蒙古高原和燕云十六州', '2025-12-16 13:19:43');
INSERT INTO `geo_region` VALUES (14, '西夏疆域（公元1100年）', 22, 1038, 1227, '{ \"type\": \"Feature\", \"properties\": { \"dynasty\": \"西夏\" }, \"geometry\": { \"type\": \"Polygon\", \"coordinates\": [ [ [ 100, 35 ], [ 110, 35 ], [ 110, 42 ], [ 100, 42 ], [ 100, 35 ] ] ] } }', '西夏疆域，包括宁夏、甘肃、陕西北部', '2025-12-16 13:19:43');
INSERT INTO `geo_region` VALUES (15, '南宋疆域（公元1200年）', 23, 1127, 1279, '{ \"type\": \"Feature\", \"properties\": { \"dynasty\": \"南宋\" }, \"geometry\": { \"type\": \"Polygon\", \"coordinates\": [ [ [ 110, 25 ], [ 122, 25 ], [ 122, 35 ], [ 110, 35 ], [ 110, 25 ] ] ] } }', '南宋偏安江南，失去中原地区', '2025-12-16 13:19:43');
INSERT INTO `geo_region` VALUES (16, '金朝疆域（公元1200年）', 24, 1115, 1234, '{ \"type\": \"Feature\", \"properties\": { \"dynasty\": \"金朝\" }, \"geometry\": { \"type\": \"Polygon\", \"coordinates\": [ [ [ 110, 35 ], [ 125, 35 ], [ 125, 50 ], [ 110, 50 ], [ 110, 35 ] ] ] } }', '金朝疆域，包括东北、华北，灭北宋后占据中原', '2025-12-16 13:19:43');
INSERT INTO `geo_region` VALUES (17, '元朝疆域（公元1300年）', 25, 1279, 1350, '{ \"type\": \"Feature\", \"properties\": { \"dynasty\": \"元朝\" }, \"geometry\": { \"type\": \"Polygon\", \"coordinates\": [ [ [ 75, 20 ], [ 145, 20 ], [ 145, 60 ], [ 120, 60 ], [ 100, 50 ], [ 75, 40 ], [ 75, 20 ] ] ] } }', '元朝统一后的疆域，是中国历史上疆域最辽阔的王朝', '2025-12-16 13:19:43');
INSERT INTO `geo_region` VALUES (18, '明朝疆域（公元1420年）', 26, 1420, 1600, '{ \"type\": \"Feature\", \"properties\": { \"dynasty\": \"明朝\" }, \"geometry\": { \"type\": \"Polygon\", \"coordinates\": [ [ [ 90, 25 ], [ 130, 25 ], [ 130, 50 ], [ 120, 50 ], [ 110, 45 ], [ 90, 40 ], [ 90, 25 ] ] ] } }', '明成祖时期的疆域，东至海，西至哈密，南至南海，北至长城', '2025-12-16 13:19:43');
INSERT INTO `geo_region` VALUES (19, '清朝疆域（公元1760年）', 27, 1760, 1840, '{ \"type\": \"Feature\", \"properties\": { \"dynasty\": \"清朝\" }, \"geometry\": { \"type\": \"Polygon\", \"coordinates\": [ [ [ 75, 18 ], [ 135, 18 ], [ 135, 55 ], [ 120, 55 ], [ 100, 50 ], [ 90, 45 ], [ 75, 35 ], [ 75, 18 ] ] ] } }', '乾隆时期疆域，奠定现代中国版图基础', '2025-12-16 13:19:43');
INSERT INTO `geo_region` VALUES (20, '清朝晚期疆域（公元1900年）', 27, 1840, 1912, '{ \"type\": \"Feature\", \"properties\": { \"dynasty\": \"清朝\" }, \"geometry\": { \"type\": \"Polygon\", \"coordinates\": [ [ [ 75, 18 ], [ 130, 18 ], [ 130, 53 ], [ 115, 53 ], [ 100, 48 ], [ 90, 43 ], [ 75, 35 ], [ 75, 18 ] ] ] } }', '鸦片战争后，清朝疆域萎缩，失去大片领土', '2025-12-16 13:19:43');

-- ----------------------------
-- Table structure for person
-- ----------------------------
DROP TABLE IF EXISTS `person`;
CREATE TABLE `person`  (
  `id` bigint UNSIGNED NOT NULL AUTO_INCREMENT COMMENT '主键ID',
  `name` varchar(100) CHARACTER SET utf8mb4 COLLATE utf8mb4_0900_ai_ci NOT NULL COMMENT '姓名（常用称呼）',
  `surname` varchar(50) CHARACTER SET utf8mb4 COLLATE utf8mb4_0900_ai_ci NULL DEFAULT NULL COMMENT '姓氏',
  `given_name` varchar(100) CHARACTER SET utf8mb4 COLLATE utf8mb4_0900_ai_ci NULL DEFAULT NULL COMMENT '名（本名）',
  `courtesy_name` varchar(100) CHARACTER SET utf8mb4 COLLATE utf8mb4_0900_ai_ci NULL DEFAULT NULL COMMENT '字',
  `art_name` varchar(100) CHARACTER SET utf8mb4 COLLATE utf8mb4_0900_ai_ci NULL DEFAULT NULL COMMENT '号',
  `posthumous_name` varchar(100) CHARACTER SET utf8mb4 COLLATE utf8mb4_0900_ai_ci NULL DEFAULT NULL COMMENT '谥号',
  `temple_name` varchar(100) CHARACTER SET utf8mb4 COLLATE utf8mb4_0900_ai_ci NULL DEFAULT NULL COMMENT '庙号',
  `dynasty_id` bigint UNSIGNED NULL DEFAULT NULL COMMENT '所属朝代ID',
  `birth_year` int NULL DEFAULT NULL COMMENT '出生年份（公元纪年，负数表示公元前）',
  `death_year` int NULL DEFAULT NULL COMMENT '去世年份（公元纪年，负数表示公元前）',
  `summary` text CHARACTER SET utf8mb4 COLLATE utf8mb4_0900_ai_ci NULL COMMENT '人物简介',
  `achievements` text CHARACTER SET utf8mb4 COLLATE utf8mb4_0900_ai_ci NULL COMMENT '主要成就，多个成就用逗号分隔',
  `image_url` varchar(500) CHARACTER SET utf8mb4 COLLATE utf8mb4_0900_ai_ci NULL DEFAULT NULL COMMENT '人物头像或插图链接',
  `created_at` timestamp NOT NULL DEFAULT CURRENT_TIMESTAMP COMMENT '创建时间',
  PRIMARY KEY (`id`) USING BTREE,
  INDEX `idx_person_name`(`name` ASC) USING BTREE,
  INDEX `fk_person_dynasty`(`dynasty_id` ASC) USING BTREE,
  CONSTRAINT `fk_person_dynasty` FOREIGN KEY (`dynasty_id`) REFERENCES `dynasty` (`id`) ON DELETE SET NULL ON UPDATE RESTRICT
) ENGINE = InnoDB AUTO_INCREMENT = 240 CHARACTER SET = utf8mb4 COLLATE = utf8mb4_0900_ai_ci COMMENT = '历史人物表' ROW_FORMAT = DYNAMIC;

-- ----------------------------
-- Records of person
-- ----------------------------
INSERT INTO `person` VALUES (1, '燧人氏', NULL, NULL, NULL, NULL, NULL, NULL, 1, NULL, NULL, '华夏上古传说中的三皇之一，发明钻木取火，使人类进入熟食时代，被尊为火祖', '发明钻木取火,教民熟食,结束茹毛饮血时代', NULL, '2025-12-16 15:25:05');
INSERT INTO `person` VALUES (2, '伏羲', '风', NULL, NULL, NULL, NULL, '太昊', 1, NULL, NULL, '华夏民族人文始祖，三皇之一，创造八卦，教民渔猎畜牧，制定婚姻制度', '创造八卦,制定婚姻制度,发明渔网,创造文字雏形', NULL, '2025-12-16 15:25:05');
INSERT INTO `person` VALUES (3, '女娲', '风', NULL, NULL, NULL, NULL, NULL, 1, NULL, NULL, '华夏上古神话中的创世女神，传说抟土造人、炼石补天，被尊为人类始祖', '抟土造人,炼石补天,创造人类,制定婚姻', NULL, '2025-12-16 15:25:05');
INSERT INTO `person` VALUES (4, '神农氏', '姜', NULL, NULL, NULL, NULL, '炎帝', 1, NULL, NULL, '华夏上古传说中的三皇之一，尝百草发明医药，教民耕种，被尊为农业和医药之祖', '尝百草发明医药,发明耒耜,教民耕种,开创农业文明', NULL, '2025-12-16 15:25:05');
INSERT INTO `person` VALUES (5, '黄帝', '姬', '轩辕', NULL, NULL, NULL, NULL, 2, NULL, NULL, '华夏民族人文始祖，五帝之首，统一华夏部落，被尊为中华民族的共同祖先', '统一华夏部落,涿鹿之战败蚩尤,发明指南车,创造文字历法', NULL, '2025-12-16 15:25:05');
INSERT INTO `person` VALUES (6, '颛顼', '姬', '乾荒', NULL, NULL, '高阳氏', NULL, 2, NULL, NULL, '五帝之一，黄帝之孙，改革宗教制度，实行绝地天通，加强中央权力', '绝地天通,改革宗教,统一历法,治理洪水', NULL, '2025-12-16 15:25:05');
INSERT INTO `person` VALUES (7, '帝喾', '姬', '俊', NULL, NULL, '高辛氏', NULL, 2, NULL, NULL, '五帝之一，颛顼之侄，在位期间政治清明，四方归服', '政治清明,发展农业,制定历法,四方归服', NULL, '2025-12-16 15:25:05');
INSERT INTO `person` VALUES (8, '尧', '伊祁', '放勋', NULL, NULL, NULL, NULL, 2, NULL, NULL, '五帝之一，以仁德治天下，开创禅让制，将帝位禅让给舜', '开创禅让制,任用贤能,治理洪水,制定历法', NULL, '2025-12-16 15:25:05');
INSERT INTO `person` VALUES (9, '舜', '姚', '重华', NULL, NULL, NULL, NULL, 2, NULL, NULL, '五帝之一，以孝道闻名，继承尧位，任用大禹治水，后禅让给禹', '以孝治天下,任用百官,禅让帝位,巡狩四方', NULL, '2025-12-16 15:25:05');
INSERT INTO `person` VALUES (10, '大禹', '姒', '文命', NULL, NULL, NULL, NULL, 2, NULL, NULL, '治水英雄，夏朝开国君主，采用疏导方法治理洪水，三过家门而不入', '治理洪水,划分九州,建立夏朝,铸造九鼎', NULL, '2025-12-16 15:25:05');
INSERT INTO `person` VALUES (11, '蚩尤', NULL, NULL, NULL, NULL, NULL, NULL, 2, NULL, NULL, '九黎部落首领，与黄帝争夺中原，涿鹿之战战败被杀，被尊为战神', '发明兵器,善于作战,九黎部落首领', NULL, '2025-12-16 15:25:05');
INSERT INTO `person` VALUES (12, '启', '姒', '启', NULL, NULL, NULL, NULL, 3, NULL, NULL, '夏朝第二位君主，大禹之子，开创家天下的世袭制度，结束禅让制', '开创世袭制,建立家天下,甘之战败有扈氏', NULL, '2025-12-16 15:25:05');
INSERT INTO `person` VALUES (13, '少康', '姒', '少康', NULL, NULL, NULL, NULL, 3, NULL, NULL, '夏朝中兴之主，在有虞氏帮助下复国，恢复夏朝统治，史称少康中兴', '少康中兴,复兴夏朝,消灭寒浞', NULL, '2025-12-16 15:25:05');
INSERT INTO `person` VALUES (14, '夏桀', '姒', '履癸', NULL, NULL, NULL, NULL, 3, NULL, NULL, '夏朝末代君主，荒淫暴虐，宠妹喜，被商汤所灭', '暴虐无道,亡国之君', NULL, '2025-12-16 15:25:05');
INSERT INTO `person` VALUES (15, '商汤', '子', '天乙', NULL, NULL, '成汤', '太祖', 4, NULL, NULL, '商朝开国君主，推翻夏桀暴政，建立商朝，任用伊尹为相', '灭夏建商,任用伊尹,网开三面', NULL, '2025-12-16 15:25:05');
INSERT INTO `person` VALUES (16, '伊尹', '伊', '挚', NULL, NULL, NULL, NULL, 4, NULL, NULL, '商朝开国功臣，辅佐商汤灭夏，历事五代商王，被尊为元圣', '辅佐商汤灭夏,历事五代商王,制定典章制度', NULL, '2025-12-16 15:25:05');
INSERT INTO `person` VALUES (17, '盘庚', '子', '旬', NULL, NULL, NULL, NULL, 4, NULL, NULL, '商朝中兴之主，迁都于殷，使商朝政治稳定，经济文化发展', '迁都于殷,稳定政局,发展经济', NULL, '2025-12-16 15:25:05');
INSERT INTO `person` VALUES (18, '武丁', '子', '昭', NULL, NULL, NULL, '高宗', 4, NULL, NULL, '商朝中兴之主，任用傅说为相，妇好为将，商朝国力达到鼎盛', '武丁中兴,任用傅说,开疆拓土', NULL, '2025-12-16 15:25:05');
INSERT INTO `person` VALUES (19, '妇好', NULL, NULL, NULL, NULL, NULL, NULL, 4, NULL, NULL, '商王武丁王后，中国历史上有据可查的第一位女性军事统帅', '女性军事统帅,征伐方国,主持祭祀', NULL, '2025-12-16 15:25:05');
INSERT INTO `person` VALUES (20, '商纣王', '子', '受', NULL, NULL, '帝辛', NULL, 4, NULL, -1046, '商朝末代君主，聪明勇武但荒淫暴虐，宠妲己，被周武王所灭', '聪明勇武,荒淫暴虐,亡国之君', NULL, '2025-12-16 15:25:05');
INSERT INTO `person` VALUES (21, '比干', '子', '干', NULL, NULL, NULL, NULL, 4, NULL, -1046, '商朝贵族，纣王叔父，因直谏被纣王剖心而死，被尊为忠臣典范', '直谏纣王,剖心而死,忠臣典范', NULL, '2025-12-16 15:25:05');
INSERT INTO `person` VALUES (22, '周文王', '姬', '昌', NULL, NULL, '文王', NULL, 5, NULL, -1050, '周朝奠基者，在位期间积善累德，招贤纳士，为武王伐纣奠定基础', '积善累德,招贤纳士,演绎周易', NULL, '2025-12-16 15:25:05');
INSERT INTO `person` VALUES (23, '周武王', '姬', '发', NULL, NULL, '武王', NULL, 5, NULL, -1043, '西周开国君主，牧野之战灭商，建立周朝，分封诸侯', '牧野之战灭商,建立周朝,分封诸侯', NULL, '2025-12-16 15:25:05');
INSERT INTO `person` VALUES (24, '姜子牙', '姜', '尚', '子牙', '飞熊', NULL, NULL, 5, NULL, NULL, '西周开国功臣，辅佐文王武王灭商，被封于齐，著有《六韬》', '辅佐文武灭商,建立齐国,著《六韬》', NULL, '2025-12-16 15:25:05');
INSERT INTO `person` VALUES (25, '周公', '姬', '旦', NULL, NULL, NULL, NULL, 5, NULL, NULL, '西周杰出政治家，制礼作乐，建立周朝典章制度，被尊为儒学先驱', '制礼作乐,辅政成王,平定三监之乱,营建洛邑', NULL, '2025-12-16 15:25:05');
INSERT INTO `person` VALUES (26, '召公', '姬', '奭', NULL, NULL, NULL, NULL, 5, NULL, NULL, '西周开国功臣，与周公共同辅政，被封于燕，甘棠遗爱', '辅佐成王,建立燕国,甘棠遗爱', NULL, '2025-12-16 15:25:05');
INSERT INTO `person` VALUES (27, '周厉王', '姬', '胡', NULL, NULL, '厉王', NULL, 5, NULL, -828, '西周第十位君主，实行专利政策，引发国人暴动，被迫流亡', '专利政策,国人暴动,流亡彘地', NULL, '2025-12-16 15:25:05');
INSERT INTO `person` VALUES (28, '周幽王', '姬', '宫湦', NULL, NULL, '幽王', NULL, 5, NULL, -771, '西周末代君主，宠褒姒，烽火戏诸侯，被犬戎所杀，西周灭亡', '烽火戏诸侯,宠褒姒,亡国之君', NULL, '2025-12-16 15:25:05');
INSERT INTO `person` VALUES (29, '齐桓公', '姜', '小白', NULL, NULL, '桓公', NULL, 6, NULL, -643, '春秋五霸之首，任用管仲改革，九合诸侯，尊王攘夷', '春秋首霸,九合诸侯,尊王攘夷', NULL, '2025-12-16 15:25:05');
INSERT INTO `person` VALUES (30, '管仲', '管', '夷吾', '仲', NULL, '敬', NULL, 6, NULL, -645, '春秋时期齐国政治家，辅佐齐桓公称霸，推行改革，被尊为法家先驱', '辅佐齐桓公称霸,推行改革,相地而衰征', NULL, '2025-12-16 15:25:05');
INSERT INTO `person` VALUES (31, '晋文公', '姬', '重耳', NULL, NULL, '文公', NULL, 6, -697, -628, '春秋五霸之一，流亡十九年后回国即位，城濮之战大败楚军', '春秋霸主,城濮之战,退避三舍', NULL, '2025-12-16 15:25:05');
INSERT INTO `person` VALUES (32, '秦穆公', '嬴', '任好', NULL, NULL, '穆公', NULL, 6, NULL, -621, '春秋五霸之一，称霸西戎，任用百里奚等贤臣，使秦国强盛', '称霸西戎,任用百里奚,秦晋之好', NULL, '2025-12-16 15:25:05');
INSERT INTO `person` VALUES (33, '楚庄王', '芈', '旅', NULL, NULL, '庄王', NULL, 6, NULL, -591, '春秋五霸之一，问鼎中原，一鸣惊人，使楚国成为南方霸主', '问鼎中原,一鸣惊人,春秋霸主', NULL, '2025-12-16 15:25:05');
INSERT INTO `person` VALUES (34, '伍子胥', '伍', '员', '子胥', NULL, NULL, NULL, 6, NULL, -484, '春秋时期吴国大夫，助吴王阖闾伐楚，鞭尸楚平王', '助吴伐楚,鞭尸楚平王,忠谏吴王', NULL, '2025-12-16 15:25:05');
INSERT INTO `person` VALUES (35, '孔子', '孔', '丘', '仲尼', NULL, '至圣先师', NULL, 6, -551, -479, '儒家学派创始人，中国古代最伟大的思想家和教育家，被尊为万世师表', '创立儒学,编修六经,有教无类,周游列国', NULL, '2025-12-16 15:25:05');
INSERT INTO `person` VALUES (36, '老子', '李', '耳', '伯阳', '聃', NULL, NULL, 6, NULL, NULL, '道家学派创始人，著有《道德经》，主张无为而治，被尊为道祖', '创立道家,著《道德经》,无为而治', NULL, '2025-12-16 15:25:05');
INSERT INTO `person` VALUES (37, '孙武', '孙', '武', '长卿', NULL, NULL, NULL, 6, -545, -470, '春秋时期军事家，著有《孙子兵法》，被尊为兵圣', '著《孙子兵法》,吴宫教战,兵圣', NULL, '2025-12-16 15:25:05');
INSERT INTO `person` VALUES (38, '墨子', '墨', '翟', NULL, NULL, NULL, NULL, 6, -476, -390, '墨家学派创始人，主张兼爱非攻，是中国古代逻辑学和科学的先驱', '创立墨家,兼爱非攻,尚贤尚同', NULL, '2025-12-16 15:25:05');
INSERT INTO `person` VALUES (39, '孟子', '孟', '轲', '子舆', NULL, '亚圣', NULL, 6, -372, -289, '儒家学派代表人物，主张仁政，被尊为亚圣', '发展儒学,主张仁政,民贵君轻,性善论', NULL, '2025-12-16 15:25:05');
INSERT INTO `person` VALUES (40, '庄子', '庄', '周', '子休', NULL, NULL, NULL, 6, -369, -286, '道家学派代表人物，著有《庄子》，主张逍遥自在，齐物论', '发展道家,著《庄子》,逍遥游,齐物论', NULL, '2025-12-16 15:25:05');
INSERT INTO `person` VALUES (41, '荀子', '荀', '况', '卿', NULL, NULL, NULL, 6, -313, -238, '儒家学派代表人物，主张性恶论，培养了韩非、李斯等法家人物', '发展儒学,性恶论,礼法并重,培养韩非李斯', NULL, '2025-12-16 15:25:05');
INSERT INTO `person` VALUES (42, '韩非', '韩', '非', NULL, NULL, NULL, NULL, 6, -280, -233, '法家学派集大成者，著有《韩非子》，主张法术势结合', '法家集大成,著《韩非子》,法术势结合', NULL, '2025-12-16 15:25:05');
INSERT INTO `person` VALUES (43, '屈原', '芈', '平', '原', '灵均', NULL, NULL, 6, -340, -278, '战国时期楚国诗人，创作《离骚》等楚辞，被尊为中国浪漫主义文学奠基人', '创作《离骚》,楚辞之祖,爱国诗人,端午节纪念', NULL, '2025-12-16 15:25:05');
INSERT INTO `person` VALUES (44, '商鞅', '公孙', '鞅', NULL, NULL, NULL, NULL, 6, -390, -338, '战国时期政治家，在秦国推行变法，奠定秦国统一六国的基础', '商鞅变法,废井田开阡陌,奖励耕战,统一度量衡', NULL, '2025-12-16 15:25:05');
INSERT INTO `person` VALUES (45, '白起', '白', '起', NULL, NULL, '武安君', NULL, 6, NULL, -257, '战国时期秦国名将，长平之战坑杀赵军四十万，被称为战神', '长平之战,伊阙之战,攻破郢都,战神', NULL, '2025-12-16 15:25:05');
INSERT INTO `person` VALUES (46, '廉颇', '廉', '颇', NULL, NULL, NULL, NULL, 6, NULL, NULL, '战国时期赵国名将，与蔺相如将相和，负荆请罪', '战国名将,负荆请罪,将相和', NULL, '2025-12-16 15:25:05');
INSERT INTO `person` VALUES (47, '蔺相如', '蔺', '相如', NULL, NULL, NULL, NULL, 6, NULL, NULL, '战国时期赵国政治家，完璧归赵，渑池之会，与廉颇将相和', '完璧归赵,渑池之会,将相和', NULL, '2025-12-16 15:25:05');
INSERT INTO `person` VALUES (48, '李牧', '李', '牧', NULL, NULL, NULL, NULL, 6, NULL, -229, '战国时期赵国名将，大破匈奴，被称为战国四大名将之一', '大破匈奴,战国名将,抵御秦军', NULL, '2025-12-16 15:25:05');
INSERT INTO `person` VALUES (49, '王翦', '王', '翦', NULL, NULL, NULL, NULL, 6, NULL, NULL, '战国时期秦国名将，灭楚灭燕，为秦统一六国立下大功', '灭楚灭燕,秦国名将,统一六国功臣', NULL, '2025-12-16 15:25:05');
INSERT INTO `person` VALUES (50, '扁鹊', '秦', '缓', NULL, NULL, NULL, NULL, 6, -407, -310, '战国时期名医，创立望闻问切四诊法，被尊为医祖', '创立四诊法,医祖,扁鹊见蔡桓公', NULL, '2025-12-16 15:25:05');
INSERT INTO `person` VALUES (51, '鬼谷子', '王', '诩', NULL, NULL, NULL, NULL, 6, NULL, NULL, '战国时期纵横家鼻祖，培养了苏秦、张仪等纵横家', '纵横家鼻祖,培养苏秦张仪,著《鬼谷子》', NULL, '2025-12-16 15:25:05');
INSERT INTO `person` VALUES (52, '苏秦', '苏', '秦', '季子', NULL, NULL, NULL, 6, NULL, -284, '战国时期纵横家，合纵六国抗秦，佩六国相印', '合纵抗秦,佩六国相印,悬梁刺股', NULL, '2025-12-16 15:25:05');
INSERT INTO `person` VALUES (53, '张仪', '张', '仪', NULL, NULL, NULL, NULL, 6, NULL, -309, '战国时期纵横家，连横破合纵，为秦国瓦解六国联盟', '连横破合纵,秦国谋士,瓦解六国联盟', NULL, '2025-12-16 15:25:05');
INSERT INTO `person` VALUES (54, '吕不韦', '吕', '不韦', NULL, NULL, '文信侯', NULL, 6, -292, -235, '战国末期秦国丞相，奇货可居，主编《吕氏春秋》', '奇货可居,主编《吕氏春秋》,辅佐秦王政', NULL, '2025-12-16 15:25:05');
INSERT INTO `person` VALUES (55, '秦始皇', '嬴', '政', NULL, NULL, '始皇帝', NULL, 7, -259, -210, '中国历史上第一位皇帝，统一六国，建立中央集权制度，统一文字货币度量衡', '统一六国,建立皇帝制度,统一文字货币度量衡,修筑长城,兵马俑', NULL, '2025-12-16 15:25:05');
INSERT INTO `person` VALUES (56, '李斯', '李', '斯', '通古', NULL, NULL, NULL, 7, -284, -208, '秦朝丞相，辅佐秦始皇统一六国，推行郡县制，统一文字', '辅佐统一六国,推行郡县制,统一文字,焚书坑儒', NULL, '2025-12-16 15:25:05');
INSERT INTO `person` VALUES (57, '蒙恬', '蒙', '恬', NULL, NULL, NULL, NULL, 7, NULL, -210, '秦朝名将，北击匈奴，修筑长城，被称为中华第一勇士', '北击匈奴,修筑长城,发明毛笔', NULL, '2025-12-16 15:25:05');
INSERT INTO `person` VALUES (58, '赵高', '赵', '高', NULL, NULL, NULL, NULL, 7, NULL, -207, '秦朝宦官，指鹿为马，专权乱政，加速秦朝灭亡', '指鹿为马,专权乱政,沙丘之变', NULL, '2025-12-16 15:25:05');
INSERT INTO `person` VALUES (59, '陈胜', '陈', '胜', '涉', NULL, NULL, NULL, 7, NULL, -208, '秦末农民起义领袖，发动大泽乡起义，建立张楚政权', '大泽乡起义,王侯将相宁有种乎,建立张楚政权', NULL, '2025-12-16 15:25:05');
INSERT INTO `person` VALUES (60, '吴广', '吴', '广', '叔', NULL, NULL, NULL, 7, NULL, -208, '秦末农民起义领袖，与陈胜共同发动大泽乡起义', '大泽乡起义,农民起义领袖', NULL, '2025-12-16 15:25:05');
INSERT INTO `person` VALUES (61, '项羽', '项', '籍', NULL, NULL, '西楚霸王', NULL, 7, -232, -202, '秦末起义军领袖，巨鹿之战破釜沉舟大败秦军，自立为西楚霸王', '巨鹿之战,破釜沉舟,西楚霸王,鸿门宴', NULL, '2025-12-16 15:25:05');
INSERT INTO `person` VALUES (62, '刘邦', '刘', '邦', '季', NULL, '高皇帝', '太祖', 8, -256, -195, '西汉开国皇帝，楚汉相争击败项羽，建立汉朝，开创四百年汉室基业', '建立汉朝,楚汉相争,约法三章,白登之围', NULL, '2025-12-16 15:25:05');
INSERT INTO `person` VALUES (63, '萧何', '萧', '何', NULL, NULL, '文终侯', NULL, 8, NULL, -193, '西汉开国功臣，月下追韩信，制定汉律，被称为汉初三杰之一', '月下追韩信,制定汉律,萧规曹随,汉初三杰', NULL, '2025-12-16 15:25:05');
INSERT INTO `person` VALUES (64, '张良', '张', '良', '子房', NULL, '文成侯', NULL, 8, -250, -186, '西汉开国功臣，运筹帷幄之中决胜千里之外，被称为汉初三杰之一', '运筹帷幄,博浪沙刺秦,鸿门宴献计,汉初三杰', NULL, '2025-12-16 15:25:05');
INSERT INTO `person` VALUES (65, '韩信', '韩', '信', NULL, NULL, '淮阴侯', NULL, 8, NULL, -196, '西汉开国功臣，国士无双，背水一战，被称为兵仙、汉初三杰之一', '背水一战,暗度陈仓,十面埋伏,兵仙,汉初三杰', NULL, '2025-12-16 15:25:05');
INSERT INTO `person` VALUES (66, '吕后', '吕', '雉', NULL, NULL, '高皇后', NULL, 8, -241, -180, '刘邦皇后，中国历史上第一位临朝称制的女性，执政十五年', '临朝称制,诛杀功臣,人彘之刑', NULL, '2025-12-16 15:25:05');
INSERT INTO `person` VALUES (67, '汉文帝', '刘', '恒', NULL, NULL, '孝文皇帝', '太宗', 8, -202, -157, '西汉第五位皇帝，开创文景之治，轻徭薄赋，与民休息', '文景之治,轻徭薄赋,废除肉刑,与民休息', NULL, '2025-12-16 15:25:05');
INSERT INTO `person` VALUES (68, '汉景帝', '刘', '启', NULL, NULL, '孝景皇帝', NULL, 8, -188, -141, '西汉第六位皇帝，延续文景之治，平定七国之乱，加强中央集权', '文景之治,平定七国之乱,削藩', NULL, '2025-12-16 15:25:05');
INSERT INTO `person` VALUES (69, '汉武帝', '刘', '彻', NULL, NULL, '孝武皇帝', '世宗', 8, -156, -87, '西汉第七位皇帝，雄才大略，独尊儒术，开拓西域，击败匈奴', '独尊儒术,开辟丝绸之路,设立太学,击败匈奴,开拓西域', NULL, '2025-12-16 15:25:05');
INSERT INTO `person` VALUES (70, '董仲舒', '董', '仲舒', NULL, NULL, NULL, NULL, 8, -179, -104, '西汉儒学家，提出罢黜百家独尊儒术，天人感应学说', '罢黜百家独尊儒术,天人感应,春秋大一统', NULL, '2025-12-16 15:25:05');
INSERT INTO `person` VALUES (71, '卫青', '卫', '青', NULL, NULL, '长平侯', NULL, 8, NULL, -106, '西汉名将，七击匈奴，收复河套地区，官至大司马大将军', '七击匈奴,收复河套,龙城飞将', NULL, '2025-12-16 15:25:05');
INSERT INTO `person` VALUES (72, '霍去病', '霍', '去病', NULL, NULL, '景桓侯', NULL, 8, -140, -117, '西汉名将，六击匈奴，封狼居胥，打通河西走廊，英年早逝', '六击匈奴,封狼居胥,打通河西走廊,匈奴未灭何以家为', NULL, '2025-12-16 15:25:05');
INSERT INTO `person` VALUES (73, '张骞', '张', '骞', NULL, NULL, '博望侯', NULL, 8, NULL, -114, '西汉外交家，两次出使西域，开辟丝绸之路，被称为丝绸之路开拓者', '两次出使西域,开辟丝绸之路,凿空西域', NULL, '2025-12-16 15:25:05');
INSERT INTO `person` VALUES (74, '司马迁', '司马', '迁', '子长', NULL, '太史公', NULL, 8, -145, -90, '西汉史学家，著有《史记》，被称为中国史学之父', '著《史记》,史家之绝唱,无韵之离骚,中国史学之父', NULL, '2025-12-16 15:25:05');
INSERT INTO `person` VALUES (75, '苏武', '苏', '武', '子卿', NULL, NULL, NULL, 8, -140, -60, '西汉使节，出使匈奴被扣留十九年，持节不屈，被称为民族气节典范', '苏武牧羊,持节不屈,民族气节典范', NULL, '2025-12-16 15:25:05');
INSERT INTO `person` VALUES (76, '王昭君', '王', '嫱', NULL, NULL, NULL, NULL, 8, -52, -19, '西汉宫女，出塞和亲，促进汉匈和平，被称为四大美女之一', '出塞和亲,促进汉匈和平,四大美女之一', NULL, '2025-12-16 15:25:05');
INSERT INTO `person` VALUES (77, '刘向', '刘', '更生', '子政', NULL, NULL, NULL, 8, -77, -6, '西汉经学家、目录学家，编撰《战国策》《说苑》《列女传》', '编撰《战国策》,校订群书,目录学奠基人', NULL, '2025-12-16 15:25:05');
INSERT INTO `person` VALUES (78, '王莽', '王', '莽', '巨君', NULL, NULL, NULL, 9, -45, 23, '新朝建立者，篡夺西汉政权，推行托古改制，因改革失败被推翻', '篡汉建新,托古改制,币制改革', NULL, '2025-12-16 15:25:05');
INSERT INTO `person` VALUES (79, '刘秀', '刘', '秀', '文叔', NULL, '光武皇帝', '世祖', 10, -5, 57, '东汉开国皇帝，推翻王莽新朝，统一天下，开创光武中兴', '建立东汉,光武中兴,昆阳之战,柔道治国', NULL, '2025-12-16 15:25:05');
INSERT INTO `person` VALUES (80, '班超', '班', '超', '仲升', NULL, '定远侯', NULL, 10, 32, 102, '东汉名将，投笔从戎，经营西域三十一年，恢复丝绸之路', '投笔从戎,经营西域,不入虎穴焉得虎子', NULL, '2025-12-16 15:25:05');
INSERT INTO `person` VALUES (81, '班固', '班', '固', '孟坚', NULL, NULL, NULL, 10, 32, 92, '东汉史学家，著有《汉书》，开创断代史体例', '著《汉书》,开创断代史,班马并称', NULL, '2025-12-16 15:25:05');
INSERT INTO `person` VALUES (82, '班昭', '班', '昭', '惠班', NULL, NULL, NULL, 10, 49, 120, '东汉女史学家，续写《汉书》，著有《女诫》', '续写《汉书》,著《女诫》,女史学家', NULL, '2025-12-16 15:25:05');
INSERT INTO `person` VALUES (83, '蔡伦', '蔡', '伦', '敬仲', NULL, NULL, NULL, 10, 63, 121, '东汉宦官，改进造纸术，被称为纸圣', '改进造纸术,蔡侯纸,纸圣', NULL, '2025-12-16 15:25:05');
INSERT INTO `person` VALUES (84, '张衡', '张', '衡', '平子', NULL, NULL, NULL, 10, 78, 139, '东汉科学家，发明地动仪、浑天仪，著有《二京赋》', '发明地动仪,发明浑天仪,著《二京赋》,科圣', NULL, '2025-12-16 15:25:05');
INSERT INTO `person` VALUES (85, '许慎', '许', '慎', '叔重', NULL, NULL, NULL, 10, 58, 147, '东汉经学家、文字学家，著有《说文解字》', '著《说文解字》,文字学奠基人,字圣', NULL, '2025-12-16 15:25:05');
INSERT INTO `person` VALUES (86, '华佗', '华', '旉', '元化', NULL, NULL, NULL, 10, 145, 208, '东汉名医，发明麻沸散，创编五禽戏，被称为外科鼻祖', '发明麻沸散,创编五禽戏,外科鼻祖,神医', NULL, '2025-12-16 15:25:05');
INSERT INTO `person` VALUES (87, '张仲景', '张', '机', '仲景', NULL, NULL, NULL, 10, 150, 219, '东汉名医，著有《伤寒杂病论》，被尊为医圣', '著《伤寒杂病论》,辨证论治,医圣', NULL, '2025-12-16 15:25:05');
INSERT INTO `person` VALUES (88, '张角', '张', '角', NULL, NULL, NULL, NULL, 10, NULL, 184, '东汉末年农民起义领袖，创立太平道，发动黄巾起义', '创立太平道,发动黄巾起义,苍天已死黄天当立', NULL, '2025-12-16 15:25:05');
INSERT INTO `person` VALUES (89, '董卓', '董', '卓', '仲颖', NULL, NULL, NULL, 10, NULL, 192, '东汉末年军阀，专权乱政，废立皇帝，被吕布所杀', '专权乱政,废立皇帝,迁都长安', NULL, '2025-12-16 15:25:05');
INSERT INTO `person` VALUES (90, '蔡邕', '蔡', '邕', '伯喈', NULL, NULL, NULL, 10, 133, 192, '东汉文学家、书法家，蔡文姬之父，创飞白书', '创飞白书,著《独断》,蔡文姬之父', NULL, '2025-12-16 15:25:05');
INSERT INTO `person` VALUES (91, '蔡文姬', '蔡', '琰', '文姬', NULL, NULL, NULL, 10, 177, 249, '东汉末年女诗人，著有《悲愤诗》《胡笳十八拍》', '著《悲愤诗》,《胡笳十八拍》,才女', NULL, '2025-12-16 15:25:05');
INSERT INTO `person` VALUES (92, '曹操', '曹', '操', '孟德', '阿瞒', '武皇帝', '太祖', 11, 155, 220, '曹魏奠基者，东汉末年杰出政治家、军事家、文学家，统一北方', '统一北方,官渡之战,挟天子以令诸侯,建安文学', NULL, '2025-12-16 15:25:05');
INSERT INTO `person` VALUES (93, '曹丕', '曹', '丕', '子桓', NULL, '文皇帝', '高祖', 11, 187, 226, '曹魏开国皇帝，代汉建魏，推行九品中正制', '代汉建魏,九品中正制,建安文学', NULL, '2025-12-16 15:25:05');
INSERT INTO `person` VALUES (94, '曹植', '曹', '植', '子建', NULL, '思王', NULL, 11, 192, 232, '曹魏文学家，建安文学代表，著有《洛神赋》《七步诗》', '建安文学,《洛神赋》,《七步诗》,才高八斗', NULL, '2025-12-16 15:25:05');
INSERT INTO `person` VALUES (95, '司马懿', '司马', '懿', '仲达', NULL, '宣皇帝', '高祖', 11, 179, 251, '曹魏权臣，高平陵之变夺权，为西晋建立奠定基础', '高平陵之变,抵御诸葛亮北伐,奠定西晋基础', NULL, '2025-12-16 15:25:05');
INSERT INTO `person` VALUES (96, '荀彧', '荀', '彧', '文若', NULL, '敬侯', NULL, 11, 163, 212, '曹操首席谋士，被称为王佐之才', '王佐之才,辅佐曹操,战略规划', NULL, '2025-12-16 15:25:05');
INSERT INTO `person` VALUES (97, '郭嘉', '郭', '嘉', '奉孝', NULL, '贞侯', NULL, 11, 170, 207, '曹操谋士，才策谋略过人，英年早逝', '鬼才,十胜十败论,辅佐曹操', NULL, '2025-12-16 15:25:05');
INSERT INTO `person` VALUES (98, '刘备', '刘', '备', '玄德', NULL, '昭烈皇帝', '烈祖', 12, 161, 223, '蜀汉开国皇帝，三顾茅庐请诸葛亮，以仁义著称', '建立蜀汉,三顾茅庐,桃园结义,夷陵之战', NULL, '2025-12-16 15:25:05');
INSERT INTO `person` VALUES (99, '诸葛亮', '诸葛', '亮', '孔明', '卧龙', '忠武侯', NULL, 12, 181, 234, '蜀汉丞相，杰出政治家、军事家、发明家，鞠躬尽瘁死而后已', '隆中对,赤壁之战,六出祁山,发明木牛流马,鞠躬尽瘁', NULL, '2025-12-16 15:25:05');
INSERT INTO `person` VALUES (100, '关羽', '关', '羽', '云长', NULL, '壮缪侯', NULL, 12, 160, 220, '蜀汉名将，忠义化身，被尊为武圣、关帝', '过五关斩六将,水淹七军,刮骨疗毒,武圣', NULL, '2025-12-16 15:25:05');
INSERT INTO `person` VALUES (101, '张飞', '张', '飞', '翼德', NULL, '桓侯', NULL, 12, 166, 221, '蜀汉名将，勇猛无比，长坂坡喝退曹军', '长坂坡,桃园结义,勇猛无比', NULL, '2025-12-16 15:25:05');
INSERT INTO `person` VALUES (102, '赵云', '赵', '云', '子龙', NULL, '顺平侯', NULL, 12, NULL, 229, '蜀汉名将，长坂坡七进七出救阿斗，被称为常胜将军', '长坂坡救阿斗,常胜将军,一身是胆', NULL, '2025-12-16 15:25:05');
INSERT INTO `person` VALUES (103, '黄忠', '黄', '忠', '汉升', NULL, '刚侯', NULL, 12, NULL, 220, '蜀汉名将，老当益壮，定军山斩夏侯渊', '定军山之战,老当益壮,五虎上将', NULL, '2025-12-16 15:25:05');
INSERT INTO `person` VALUES (104, '马超', '马', '超', '孟起', NULL, '威侯', NULL, 12, 176, 222, '蜀汉名将，西凉锦马超，勇冠三军', '西凉锦马超,潼关之战,五虎上将', NULL, '2025-12-16 15:25:05');
INSERT INTO `person` VALUES (105, '姜维', '姜', '维', '伯约', NULL, NULL, NULL, 12, 202, 264, '蜀汉后期名将，继承诸葛亮遗志，九伐中原', '九伐中原,继承诸葛亮遗志,蜀汉后期名将', NULL, '2025-12-16 15:25:05');
INSERT INTO `person` VALUES (106, '庞统', '庞', '统', '士元', '凤雏', '靖侯', NULL, 12, 179, 214, '蜀汉谋士，与诸葛亮齐名，落凤坡战死', '凤雏,辅佐刘备,落凤坡', NULL, '2025-12-16 15:25:05');
INSERT INTO `person` VALUES (107, '孙权', '孙', '权', '仲谋', NULL, '大皇帝', '太祖', 13, 182, 252, '东吴开国皇帝，赤壁之战联刘抗曹，建立东吴政权', '建立东吴,赤壁之战,生子当如孙仲谋', NULL, '2025-12-16 15:25:05');
INSERT INTO `person` VALUES (108, '周瑜', '周', '瑜', '公瑾', NULL, NULL, NULL, 13, 175, 210, '东吴名将，赤壁之战火烧曹军，英年早逝', '赤壁之战,火烧曹军,羽扇纶巾,既生瑜何生亮', NULL, '2025-12-16 15:25:05');
INSERT INTO `person` VALUES (109, '陆逊', '陆', '逊', '伯言', NULL, '昭侯', NULL, 13, 183, 245, '东吴名将，夷陵之战火烧连营大败刘备', '夷陵之战,火烧连营,东吴名将', NULL, '2025-12-16 15:25:05');
INSERT INTO `person` VALUES (110, '鲁肃', '鲁', '肃', '子敬', NULL, NULL, NULL, 13, 172, 217, '东吴谋士，促成孙刘联盟，赤壁之战功臣', '促成孙刘联盟,赤壁之战,榻上策', NULL, '2025-12-16 15:25:05');
INSERT INTO `person` VALUES (111, '吕蒙', '吕', '蒙', '子明', NULL, '虎威将军', NULL, 13, 178, 220, '东吴名将，白衣渡江袭取荆州，士别三日刮目相看', '白衣渡江,袭取荆州,士别三日', NULL, '2025-12-16 15:25:05');
INSERT INTO `person` VALUES (112, '孙策', '孙', '策', '伯符', NULL, '长沙桓王', NULL, 13, 175, 200, '东吴奠基者，小霸王，开创江东基业', '小霸王,开创江东,英年早逝', NULL, '2025-12-16 15:25:05');
INSERT INTO `person` VALUES (113, '司马炎', '司马', '炎', '安世', NULL, '武皇帝', '世祖', 14, 236, 290, '西晋开国皇帝，代魏建晋，统一三国', '代魏建晋,统一三国,太康之治', NULL, '2025-12-16 15:25:05');
INSERT INTO `person` VALUES (114, '王羲之', '王', '羲之', '逸少', NULL, NULL, NULL, 14, 303, 361, '东晋书法家，书圣，著有《兰亭集序》', '书圣,《兰亭集序》,天下第一行书', NULL, '2025-12-16 15:25:05');
INSERT INTO `person` VALUES (115, '王献之', '王', '献之', '子敬', NULL, NULL, NULL, 14, 344, 386, '东晋书法家，王羲之之子，与父并称二王', '书法家,二王之一,小圣', NULL, '2025-12-16 15:25:05');
INSERT INTO `person` VALUES (116, '司马睿', '司马', '睿', '景文', NULL, '元皇帝', '中宗', 15, 276, 323, '东晋开国皇帝，衣冠南渡，建立东晋', '建立东晋,衣冠南渡', NULL, '2025-12-16 15:25:05');
INSERT INTO `person` VALUES (117, '谢安', '谢', '安', '安石', NULL, '文靖', NULL, 15, 320, 385, '东晋政治家，淝水之战指挥击败前秦，挽救东晋', '淝水之战,东山再起,风流宰相', NULL, '2025-12-16 15:25:05');
INSERT INTO `person` VALUES (118, '谢玄', '谢', '玄', '幼度', NULL, '献武', NULL, 15, 343, 388, '东晋名将，淝水之战前线指挥，组建北府兵', '淝水之战,组建北府兵,击败前秦', NULL, '2025-12-16 15:25:05');
INSERT INTO `person` VALUES (119, '陶渊明', '陶', '潜', '元亮', '五柳先生', '靖节先生', NULL, 15, 365, 427, '东晋诗人，田园诗派创始人，不为五斗米折腰', '田园诗派创始人,《桃花源记》,不为五斗米折腰', NULL, '2025-12-16 15:25:05');
INSERT INTO `person` VALUES (120, '顾恺之', '顾', '恺之', '长康', '虎头', NULL, NULL, 15, 348, 409, '东晋画家，画圣，著有《女史箴图》《洛神赋图》', '画圣,《女史箴图》,《洛神赋图》,传神写照', NULL, '2025-12-16 15:25:05');
INSERT INTO `person` VALUES (121, '谢灵运', '谢', '灵运', NULL, '康乐', NULL, NULL, 15, 385, 433, '东晋诗人，山水诗派创始人', '山水诗派创始人,谢公屐', NULL, '2025-12-16 15:25:05');
INSERT INTO `person` VALUES (122, '拓跋宏', '拓跋', '宏', NULL, NULL, '孝文皇帝', '高祖', 16, 467, 499, '北魏孝文帝，推行汉化改革，迁都洛阳，促进民族融合', '孝文帝改革,迁都洛阳,汉化政策,促进民族融合', NULL, '2025-12-16 15:25:05');
INSERT INTO `person` VALUES (123, '祖冲之', '祖', '冲之', '文远', NULL, NULL, NULL, 16, 429, 500, '南北朝数学家，将圆周率精确到小数点后七位', '计算圆周率,制定大明历,发明指南车', NULL, '2025-12-16 15:25:05');
INSERT INTO `person` VALUES (124, '郦道元', '郦', '道元', '善长', NULL, NULL, NULL, 16, 466, 527, '北魏地理学家，著有《水经注》', '著《水经注》,地理学家', NULL, '2025-12-16 15:25:05');
INSERT INTO `person` VALUES (125, '贾思勰', '贾', '思勰', NULL, NULL, NULL, NULL, 16, NULL, NULL, '北魏农学家，著有《齐民要术》', '著《齐民要术》,农学家', NULL, '2025-12-16 15:25:05');
INSERT INTO `person` VALUES (126, '萧衍', '萧', '衍', '叔达', NULL, '武皇帝', '高祖', 16, 464, 549, '南朝梁开国皇帝，在位四十八年，笃信佛教', '建立南梁,笃信佛教,文学造诣', NULL, '2025-12-16 15:25:05');
INSERT INTO `person` VALUES (127, '杨坚', '杨', '坚', NULL, NULL, '文皇帝', '高祖', 17, 541, 604, '隋朝开国皇帝，统一南北，开创三省六部制、科举制', '统一南北,开创三省六部制,开创科举制,开皇之治', NULL, '2025-12-16 15:25:05');
INSERT INTO `person` VALUES (128, '杨广', '杨', '广', NULL, NULL, '炀皇帝', '世祖', 17, 569, 618, '隋朝第二位皇帝，开凿大运河，三征高句丽，因暴政亡国', '开凿大运河,三征高句丽,营建东都洛阳', NULL, '2025-12-16 15:25:05');
INSERT INTO `person` VALUES (129, '杨素', '杨', '素', '处道', NULL, '景武', NULL, 17, 544, 606, '隋朝名将，平定南陈，功勋卓著', '平定南陈,隋朝名将,功勋卓著', NULL, '2025-12-16 15:25:05');
INSERT INTO `person` VALUES (130, '李渊', '李', '渊', '叔德', NULL, '神尧大圣大光孝皇帝', '高祖', 18, 566, 635, '唐朝开国皇帝，晋阳起兵，建立唐朝', '建立唐朝,晋阳起兵', NULL, '2025-12-16 15:25:05');
INSERT INTO `person` VALUES (131, '李世民', '李', '世民', NULL, NULL, '文武大圣大广孝皇帝', '太宗', 18, 598, 649, '唐朝第二位皇帝，开创贞观之治，被誉为千古一帝', '贞观之治,玄武门之变,虚心纳谏,天可汗', NULL, '2025-12-16 15:25:05');
INSERT INTO `person` VALUES (132, '魏征', '魏', '征', '玄成', NULL, '文贞', NULL, 18, 580, 643, '唐朝名臣，直言敢谏，被称为一代名相', '直言敢谏,以人为镜,贞观名臣', NULL, '2025-12-16 15:25:05');
INSERT INTO `person` VALUES (133, '房玄龄', '房', '玄龄', '乔', NULL, '文昭', NULL, 18, 579, 648, '唐朝名相，与杜如晦并称房谋杜断', '房谋杜断,贞观名相,辅佐太宗', NULL, '2025-12-16 15:25:05');
INSERT INTO `person` VALUES (134, '杜如晦', '杜', '如晦', '克明', NULL, '成', NULL, 18, 585, 630, '唐朝名相，与房玄龄并称房谋杜断', '房谋杜断,贞观名相,善于决断', NULL, '2025-12-16 15:25:05');
INSERT INTO `person` VALUES (135, '长孙无忌', '长孙', '无忌', '辅机', NULL, NULL, NULL, 18, 594, 659, '唐朝开国功臣，凌烟阁二十四功臣之首', '凌烟阁功臣之首,辅佐太宗,主持修订唐律', NULL, '2025-12-16 15:25:05');
INSERT INTO `person` VALUES (136, '李靖', '李', '靖', '药师', NULL, '景武', NULL, 18, 571, 649, '唐朝名将，灭东突厥，平定吐谷浑，军事家', '灭东突厥,平定吐谷浑,军神', NULL, '2025-12-16 15:25:05');
INSERT INTO `person` VALUES (137, '秦琼', '秦', '琼', '叔宝', NULL, '壮', NULL, 18, NULL, 638, '唐朝开国名将，门神原型之一', '唐朝开国名将,门神,凌烟阁功臣', NULL, '2025-12-16 15:25:05');
INSERT INTO `person` VALUES (138, '尉迟恭', '尉迟', '恭', '敬德', NULL, '忠武', NULL, 18, 585, 658, '唐朝开国名将，门神原型之一', '唐朝开国名将,门神,凌烟阁功臣', NULL, '2025-12-16 15:25:05');
INSERT INTO `person` VALUES (139, '武则天', '武', '曌', NULL, NULL, '则天大圣皇帝', NULL, 18, 624, 705, '中国历史上唯一的女皇帝，废唐建周，在位十五年', '中国唯一女皇帝,废唐建周,发展科举,任用贤能', NULL, '2025-12-16 15:25:05');
INSERT INTO `person` VALUES (140, '狄仁杰', '狄', '仁杰', '怀英', NULL, '文惠', NULL, 18, 630, 700, '唐朝名臣，断案如神，被称为神探', '断案如神,神探,辅佐武则天', NULL, '2025-12-16 15:25:05');
INSERT INTO `person` VALUES (141, '唐玄宗', '李', '隆基', NULL, NULL, '至道大圣大明孝皇帝', '玄宗', 18, 685, 762, '唐朝第七位皇帝，开创开元盛世，后期安史之乱由盛转衰', '开元盛世,任用姚崇宋璟,安史之乱', NULL, '2025-12-16 15:25:05');
INSERT INTO `person` VALUES (142, '杨贵妃', '杨', '玉环', NULL, NULL, NULL, NULL, 18, 719, 756, '唐玄宗宠妃，四大美女之一，马嵬驿兵变被赐死', '四大美女之一,回眸一笑百媚生,马嵬驿', NULL, '2025-12-16 15:25:05');
INSERT INTO `person` VALUES (143, '安禄山', '安', '禄山', NULL, NULL, NULL, NULL, 18, 703, 757, '唐朝节度使，发动安史之乱，使唐朝由盛转衰', '发动安史之乱,范阳起兵', NULL, '2025-12-16 15:25:05');
INSERT INTO `person` VALUES (144, '郭子仪', '郭', '子仪', NULL, NULL, '忠武', NULL, 18, 697, 781, '唐朝名将，平定安史之乱，再造唐室', '平定安史之乱,再造唐室,汾阳王', NULL, '2025-12-16 15:25:05');
INSERT INTO `person` VALUES (145, '李白', '李', '白', '太白', '青莲居士', NULL, NULL, 18, 701, 762, '唐代最伟大的浪漫主义诗人，被誉为诗仙', '诗仙,《将进酒》,《蜀道难》,《静夜思》', NULL, '2025-12-16 15:25:05');
INSERT INTO `person` VALUES (146, '杜甫', '杜', '甫', '子美', '少陵野老', NULL, NULL, 18, 712, 770, '唐代最伟大的现实主义诗人，被誉为诗圣', '诗圣,《三吏》《三别》,诗史', NULL, '2025-12-16 15:25:05');
INSERT INTO `person` VALUES (147, '白居易', '白', '居易', '乐天', '香山居士', NULL, NULL, 18, 772, 846, '唐代诗人，新乐府运动倡导者，著有《长恨歌》《琵琶行》', '新乐府运动,《长恨歌》,《琵琶行》', NULL, '2025-12-16 15:25:05');
INSERT INTO `person` VALUES (148, '王维', '王', '维', '摩诘', NULL, NULL, NULL, 18, 701, 761, '唐代诗人、画家，诗中有画画中有诗，被称为诗佛', '诗佛,诗中有画,山水田园诗', NULL, '2025-12-16 15:25:05');
INSERT INTO `person` VALUES (149, '孟浩然', '孟', '浩然', NULL, NULL, NULL, NULL, 18, 689, 740, '唐代诗人，山水田园诗派代表', '山水田园诗,《春晓》,孟襄阳', NULL, '2025-12-16 15:25:05');
INSERT INTO `person` VALUES (150, '韩愈', '韩', '愈', '退之', NULL, '文', NULL, 18, 768, 824, '唐代文学家，古文运动倡导者，唐宋八大家之首', '古文运动,唐宋八大家之首,文起八代之衰', NULL, '2025-12-16 15:25:05');
INSERT INTO `person` VALUES (151, '柳宗元', '柳', '宗元', '子厚', NULL, NULL, NULL, 18, 773, 819, '唐代文学家，古文运动倡导者，唐宋八大家之一', '古文运动,唐宋八大家,《永州八记》', NULL, '2025-12-16 15:25:05');
INSERT INTO `person` VALUES (152, '玄奘', '陈', '祎', NULL, '三藏法师', NULL, NULL, 18, 602, 664, '唐代高僧，西行取经十七年，著有《大唐西域记》', '西行取经,《大唐西域记》,翻译佛经', NULL, '2025-12-16 15:25:05');
INSERT INTO `person` VALUES (153, '颜真卿', '颜', '真卿', '清臣', NULL, '文忠', NULL, 18, 709, 785, '唐代书法家，创颜体，被称为楷书四大家之一', '颜体,楷书四大家,《祭侄文稿》', NULL, '2025-12-16 15:25:05');
INSERT INTO `person` VALUES (154, '柳公权', '柳', '公权', '诚悬', NULL, NULL, NULL, 18, 778, 865, '唐代书法家，创柳体，楷书四大家之一', '柳体,楷书四大家,心正则笔正', NULL, '2025-12-16 15:25:05');
INSERT INTO `person` VALUES (155, '黄巢', '黄', '巢', NULL, NULL, NULL, NULL, 18, 820, 884, '唐末农民起义领袖，攻入长安建立大齐政权', '黄巢起义,攻入长安,冲天香阵透长安', NULL, '2025-12-16 15:25:05');
INSERT INTO `person` VALUES (156, '朱温', '朱', '温', NULL, NULL, '神武元圣孝皇帝', '太祖', 19, 852, 912, '后梁开国皇帝，灭唐建梁，开启五代十国', '灭唐建梁,开启五代十国', NULL, '2025-12-16 15:25:05');
INSERT INTO `person` VALUES (157, '李存勖', '李', '存勖', '亚子', NULL, '庄宗', NULL, 19, 885, 926, '后唐开国皇帝，灭后梁，统一北方', '灭后梁,统一北方,善于用兵', NULL, '2025-12-16 15:25:05');
INSERT INTO `person` VALUES (158, '柴荣', '柴', '荣', '君贵', NULL, '世宗', NULL, 19, 921, 959, '后周世宗，五代最有作为的皇帝，为宋统一奠定基础', '改革弊政,北伐契丹,为宋统一奠定基础', NULL, '2025-12-16 15:25:05');
INSERT INTO `person` VALUES (159, '李煜', '李', '煜', '重光', NULL, '后主', NULL, 19, 937, 978, '南唐后主，亡国之君，词作成就极高，被称为词帝', '词帝,《虞美人》,《浪淘沙》,问君能有几多愁', NULL, '2025-12-16 15:25:05');
INSERT INTO `person` VALUES (160, '赵匡胤', '赵', '匡胤', '元朗', NULL, '启运立极英武睿文神德圣功至明大孝皇帝', '太祖', 20, 927, 976, '北宋开国皇帝，陈桥兵变黄袍加身，杯酒释兵权', '建立北宋,陈桥兵变,杯酒释兵权', NULL, '2025-12-16 15:25:05');
INSERT INTO `person` VALUES (161, '赵光义', '赵', '光义', NULL, NULL, '至仁应道神功圣德文武睿烈大明广孝皇帝', '太宗', 20, 939, 997, '北宋第二位皇帝，统一南方，两次北伐失败', '统一南方,两次北伐,烛影斧声', NULL, '2025-12-16 15:25:05');
INSERT INTO `person` VALUES (162, '寇准', '寇', '准', '平仲', NULL, '忠愍', NULL, 20, 961, 1023, '北宋名相，力主真宗亲征，促成澶渊之盟', '澶渊之盟,力主亲征,刚正不阿', NULL, '2025-12-16 15:25:05');
INSERT INTO `person` VALUES (163, '范仲淹', '范', '仲淹', '希文', NULL, '文正', NULL, 20, 989, 1052, '北宋政治家、文学家，推行庆历新政，著有《岳阳楼记》', '庆历新政,《岳阳楼记》,先天下之忧而忧', NULL, '2025-12-16 15:25:05');
INSERT INTO `person` VALUES (164, '欧阳修', '欧阳', '修', '永叔', '醉翁', '文忠', NULL, 20, 1007, 1072, '北宋文学家，唐宋八大家之一，著有《醉翁亭记》', '唐宋八大家,《醉翁亭记》,古文运动', NULL, '2025-12-16 15:25:05');
INSERT INTO `person` VALUES (165, '王安石', '王', '安石', '介甫', '半山', '文', NULL, 20, 1021, 1086, '北宋政治家、文学家，推行王安石变法，唐宋八大家之一', '王安石变法,唐宋八大家,《泊船瓜洲》', NULL, '2025-12-16 15:25:05');
INSERT INTO `person` VALUES (166, '司马光', '司马', '光', '君实', '涑水先生', '文正', NULL, 20, 1019, 1086, '北宋政治家、史学家，著有《资治通鉴》', '著《资治通鉴》,司马光砸缸,反对变法', NULL, '2025-12-16 15:25:05');
INSERT INTO `person` VALUES (167, '苏轼', '苏', '轼', '子瞻', '东坡居士', '文忠', NULL, 20, 1037, 1101, '北宋文学家，唐宋八大家之一，诗词书画皆精', '唐宋八大家,《念奴娇·赤壁怀古》,《水调歌头》,东坡肉', NULL, '2025-12-16 15:25:05');
INSERT INTO `person` VALUES (168, '苏洵', '苏', '洵', '明允', '老泉', NULL, NULL, 20, 1009, 1066, '北宋文学家，唐宋八大家之一，苏轼之父', '唐宋八大家,《六国论》,三苏之一', NULL, '2025-12-16 15:25:05');
INSERT INTO `person` VALUES (169, '苏辙', '苏', '辙', '子由', '颍滨遗老', '文定', NULL, 20, 1039, 1112, '北宋文学家，唐宋八大家之一，苏轼之弟', '唐宋八大家,三苏之一', NULL, '2025-12-16 15:25:05');
INSERT INTO `person` VALUES (170, '曾巩', '曾', '巩', '子固', NULL, '文定', NULL, 20, 1019, 1083, '北宋文学家，唐宋八大家之一', '唐宋八大家,古文运动', NULL, '2025-12-16 15:25:05');
INSERT INTO `person` VALUES (171, '沈括', '沈', '括', '存中', NULL, NULL, NULL, 20, 1031, 1095, '北宋科学家，著有《梦溪笔谈》，被称为中国科学史上的里程碑', '著《梦溪笔谈》,发现石油,科学家', NULL, '2025-12-16 15:25:05');
INSERT INTO `person` VALUES (172, '毕昇', '毕', '昇', NULL, NULL, NULL, NULL, 20, NULL, 1051, '北宋发明家，发明活字印刷术', '发明活字印刷术,四大发明之一', NULL, '2025-12-16 15:25:05');
INSERT INTO `person` VALUES (173, '李清照', '李', '清照', '易安', '易安居士', NULL, NULL, 20, 1084, 1155, '宋代女词人，婉约派代表，被称为千古第一才女', '千古第一才女,婉约派,《声声慢》,《如梦令》', NULL, '2025-12-16 15:25:05');
INSERT INTO `person` VALUES (174, '包拯', '包', '拯', '希仁', NULL, '孝肃', NULL, 20, 999, 1062, '北宋名臣，刚正不阿，被称为包青天', '包青天,刚正不阿,铁面无私', NULL, '2025-12-16 15:25:05');
INSERT INTO `person` VALUES (175, '宋徽宗', '赵', '佶', NULL, NULL, '体神合道骏烈逊功圣文仁德宪慈显孝皇帝', '徽宗', 20, 1082, 1135, '北宋第八位皇帝，艺术造诣极高，但治国无能，靖康之耻被俘', '瘦金体,艺术皇帝,靖康之耻', NULL, '2025-12-16 15:25:05');
INSERT INTO `person` VALUES (176, '黄庭坚', '黄', '庭坚', '鲁直', '山谷道人', NULL, NULL, 20, 1045, 1105, '北宋诗人、书法家，江西诗派开创者', '江西诗派,苏门四学士,书法家', NULL, '2025-12-16 15:25:05');
INSERT INTO `person` VALUES (177, '耶律阿保机', '耶律', '阿保机', NULL, NULL, '大圣大明神烈天皇帝', '太祖', 21, 872, 926, '辽朝开国皇帝，统一契丹各部，建立契丹国', '建立辽朝,统一契丹,创制契丹文字', NULL, '2025-12-16 15:25:05');
INSERT INTO `person` VALUES (178, '萧太后', '萧', '绰', NULL, NULL, '承天皇太后', NULL, 21, 953, 1009, '辽朝政治家，摄政二十七年，澶渊之盟', '摄政二十七年,澶渊之盟,辽朝中兴', NULL, '2025-12-16 15:25:05');
INSERT INTO `person` VALUES (179, '李元昊', '李', '元昊', NULL, NULL, '武烈皇帝', '景宗', 22, 1003, 1048, '西夏开国皇帝，建立西夏，创制西夏文字', '建立西夏,创制西夏文字,三川口之战', NULL, '2025-12-16 15:25:05');
INSERT INTO `person` VALUES (180, '赵构', '赵', '构', '德基', NULL, '受命中兴全功至德圣神武文昭仁宪孝皇帝', '高宗', 23, 1107, 1187, '南宋开国皇帝，靖康之变后南渡建立南宋', '建立南宋,南渡,绍兴和议', NULL, '2025-12-16 15:25:05');
INSERT INTO `person` VALUES (181, '岳飞', '岳', '飞', '鹏举', NULL, '武穆', NULL, 23, 1103, 1142, '南宋抗金名将，精忠报国，被秦桧以莫须有罪名杀害', '精忠报国,岳家军,《满江红》,民族英雄', NULL, '2025-12-16 15:25:05');
INSERT INTO `person` VALUES (182, '韩世忠', '韩', '世忠', '良臣', NULL, '忠武', NULL, 23, 1090, 1151, '南宋抗金名将，黄天荡之战大败金军', '黄天荡之战,抗金名将,中兴四将', NULL, '2025-12-16 15:25:05');
INSERT INTO `person` VALUES (183, '秦桧', '秦', '桧', '会之', NULL, NULL, NULL, 23, 1090, 1155, '南宋奸相，主和派代表，以莫须有罪名杀害岳飞', '莫须有,主和派,奸相', NULL, '2025-12-16 15:25:05');
INSERT INTO `person` VALUES (184, '辛弃疾', '辛', '弃疾', '幼安', '稼轩', NULL, NULL, 23, 1140, 1207, '南宋词人，豪放派代表，文武双全', '豪放派,《破阵子》,《青玉案》,文武双全', NULL, '2025-12-16 15:25:05');
INSERT INTO `person` VALUES (185, '陆游', '陆', '游', '务观', '放翁', NULL, NULL, 23, 1125, 1210, '南宋诗人，爱国诗人，一生主张抗金', '爱国诗人,《示儿》,《钗头凤》,王师北定中原日', NULL, '2025-12-16 15:25:05');
INSERT INTO `person` VALUES (186, '朱熹', '朱', '熹', '元晦', '晦庵', '文', NULL, 23, 1130, 1200, '南宋理学家，程朱理学集大成者', '程朱理学,《四书章句集注》,理学集大成', NULL, '2025-12-16 15:25:05');
INSERT INTO `person` VALUES (187, '文天祥', '文', '天祥', '宋瑞', '文山', '忠烈', NULL, 23, 1236, 1283, '南宋末年政治家，抗元英雄，著有《正气歌》《过零丁洋》', '抗元英雄,《正气歌》,《过零丁洋》,人生自古谁无死', NULL, '2025-12-16 15:25:05');
INSERT INTO `person` VALUES (188, '陆秀夫', '陆', '秀夫', '君实', NULL, NULL, NULL, 23, 1236, 1279, '南宋末年大臣，崖山海战背负幼帝投海殉国', '崖山海战,背帝投海,忠臣', NULL, '2025-12-16 15:25:05');
INSERT INTO `person` VALUES (189, '杨万里', '杨', '万里', '廷秀', '诚斋', NULL, NULL, 23, 1127, 1206, '南宋诗人，诚斋体创始人', '诚斋体,南宋四大家,《小池》', NULL, '2025-12-16 15:25:05');
INSERT INTO `person` VALUES (190, '完颜阿骨打', '完颜', '阿骨打', NULL, NULL, '应乾兴运昭德定功仁明庄孝大圣武元皇帝', '太祖', 24, 1068, 1123, '金朝开国皇帝，统一女真各部，建立金朝，灭辽', '建立金朝,统一女真,灭辽', NULL, '2025-12-16 15:25:05');
INSERT INTO `person` VALUES (191, '完颜亮', '完颜', '亮', NULL, NULL, '海陵炀王', NULL, 24, 1122, 1161, '金朝第四位皇帝，迁都燕京，南侵失败被杀', '迁都燕京,南侵失败,采石之战', NULL, '2025-12-16 15:25:05');
INSERT INTO `person` VALUES (192, '成吉思汗', '孛儿只斤', '铁木真', NULL, NULL, '法天启运圣武皇帝', '太祖', 25, 1162, 1227, '蒙古帝国创建者，统一蒙古各部，西征建立横跨欧亚的帝国', '统一蒙古,西征欧亚,建立蒙古帝国,一代天骄', NULL, '2025-12-16 15:25:05');
INSERT INTO `person` VALUES (193, '忽必烈', '孛儿只斤', '忽必烈', NULL, NULL, '圣德神功文武皇帝', '世祖', 25, 1215, 1294, '元朝开国皇帝，建立元朝，统一中国，推行行省制', '建立元朝,统一中国,推行行省制', NULL, '2025-12-16 15:25:05');
INSERT INTO `person` VALUES (194, '马可·波罗', NULL, NULL, NULL, NULL, NULL, NULL, 25, 1254, 1324, '意大利旅行家，在元朝生活十七年，著有《马可·波罗游记》', '《马可·波罗游记》,东西方文化交流', NULL, '2025-12-16 15:25:05');
INSERT INTO `person` VALUES (195, '关汉卿', '关', '汉卿', NULL, '已斋叟', NULL, NULL, 25, 1234, 1300, '元代戏曲家，元曲四大家之首，著有《窦娥冤》', '元曲四大家,《窦娥冤》,《救风尘》', NULL, '2025-12-16 15:25:05');
INSERT INTO `person` VALUES (196, '黄道婆', '黄', NULL, NULL, NULL, NULL, NULL, 25, 1245, 1330, '元代纺织技术革新家，改进棉纺织技术，被称为布业始祖', '改进棉纺织技术,布业始祖', NULL, '2025-12-16 15:25:05');
INSERT INTO `person` VALUES (197, '赵孟頫', '赵', '孟頫', '子昂', '松雪道人', '文敏', NULL, 25, 1254, 1322, '元代书画家，楷书四大家之一', '楷书四大家,书画双绝,赵体', NULL, '2025-12-16 15:25:05');
INSERT INTO `person` VALUES (198, '朱元璋', '朱', '元璋', '国瑞', NULL, '开天行道肇纪立极大圣至神仁文义武俊德成功高皇帝', '太祖', 26, 1328, 1398, '明朝开国皇帝，推翻元朝，建立明朝，洪武之治', '建立明朝,推翻元朝,洪武之治,废除丞相', NULL, '2025-12-16 15:25:05');
INSERT INTO `person` VALUES (199, '朱棣', '朱', '棣', NULL, NULL, '体天弘道高明广运圣武神功纯仁至孝文皇帝', '成祖', 26, 1360, 1424, '明朝第三位皇帝，靖难之役夺位，迁都北京，派郑和下西洋', '靖难之役,迁都北京,郑和下西洋,永乐大典', NULL, '2025-12-16 15:25:05');
INSERT INTO `person` VALUES (200, '郑和', '马', '和', NULL, '三保', NULL, NULL, 26, 1371, 1433, '明代航海家，七次下西洋，远航至非洲东海岸', '七下西洋,航海家,中外交流', NULL, '2025-12-16 15:25:05');
INSERT INTO `person` VALUES (201, '于谦', '于', '谦', '廷益', '节庵', '忠肃', NULL, 26, 1398, 1457, '明代名臣，北京保卫战击退瓦剌，被冤杀', '北京保卫战,两袖清风,粉骨碎身浑不怕', NULL, '2025-12-16 15:25:05');
INSERT INTO `person` VALUES (202, '王阳明', '王', '守仁', '伯安', '阳明', '文成', NULL, 26, 1472, 1529, '明代思想家，心学集大成者，知行合一', '心学,知行合一,致良知,龙场悟道', NULL, '2025-12-16 15:25:05');
INSERT INTO `person` VALUES (203, '戚继光', '戚', '继光', '元敬', '南塘', '武毅', NULL, 26, 1528, 1588, '明代名将，抗倭英雄，著有《纪效新书》', '抗倭英雄,戚家军,鸳鸯阵,《纪效新书》', NULL, '2025-12-16 15:25:05');
INSERT INTO `person` VALUES (204, '李时珍', '李', '时珍', '东璧', '濒湖', NULL, NULL, 26, 1518, 1593, '明代医药学家，著有《本草纲目》，被称为药圣', '著《本草纲目》,药圣,医药学家', NULL, '2025-12-16 15:25:05');
INSERT INTO `person` VALUES (205, '徐霞客', '徐', '弘祖', '振之', '霞客', NULL, NULL, 26, 1587, 1641, '明代地理学家、旅行家，著有《徐霞客游记》', '著《徐霞客游记》,地理学家,旅行家', NULL, '2025-12-16 15:25:05');
INSERT INTO `person` VALUES (206, '张居正', '张', '居正', '叔大', '太岳', '文忠', NULL, 26, 1525, 1582, '明代政治家，推行一条鞭法，万历中兴', '一条鞭法,万历中兴,考成法', NULL, '2025-12-16 15:25:05');
INSERT INTO `person` VALUES (207, '海瑞', '海', '瑞', '汝贤', '刚峰', '忠介', NULL, 26, 1514, 1587, '明代名臣，刚正不阿，被称为海青天', '海青天,刚正不阿,备棺上疏', NULL, '2025-12-16 15:25:05');
INSERT INTO `person` VALUES (208, '袁崇焕', '袁', '崇焕', '元素', '自如', NULL, NULL, 26, 1584, 1630, '明末名将，宁远大捷击败后金，后被冤杀', '宁远大捷,抗击后金,被冤杀', NULL, '2025-12-16 15:25:05');
INSERT INTO `person` VALUES (209, '李自成', '李', '自成', '鸿基', NULL, NULL, NULL, 26, 1606, 1645, '明末农民起义领袖，攻入北京，建立大顺政权', '攻入北京,建立大顺,闯王', NULL, '2025-12-16 15:25:05');
INSERT INTO `person` VALUES (210, '崇祯帝', '朱', '由检', NULL, NULL, '绍天绎道刚明恪俭揆文奋武敦仁懋孝烈皇帝', '思宗', 26, 1611, 1644, '明朝末代皇帝，勤政但无力回天，煤山自缢', '明朝末帝,煤山自缢,勤政亡国', NULL, '2025-12-16 15:25:05');
INSERT INTO `person` VALUES (211, '唐伯虎', '唐', '寅', '伯虎', '六如居士', NULL, NULL, 26, 1470, 1524, '明代画家、诗人，江南四大才子之首', '江南四大才子,明四家,诗画双绝', NULL, '2025-12-16 15:25:05');
INSERT INTO `person` VALUES (212, '文征明', '文', '壁', '征明', '衡山居士', NULL, NULL, 26, 1470, 1559, '明代书画家，吴门画派代表', '吴门画派,明四家,书画家', NULL, '2025-12-16 15:25:05');
INSERT INTO `person` VALUES (213, '努尔哈赤', '爱新觉罗', '努尔哈赤', NULL, NULL, '承天广运圣德神功肇纪立极仁孝睿武端毅钦安弘文定业高皇帝', '太祖', 27, 1559, 1626, '后金创建者，统一女真各部，建立后金，创制满文', '建立后金,统一女真,创制满文,萨尔浒之战', NULL, '2025-12-16 15:25:05');
INSERT INTO `person` VALUES (214, '皇太极', '爱新觉罗', '皇太极', NULL, NULL, '应天兴国弘德彰武宽温仁圣睿孝敬敏昭定隆道显功文皇帝', '太宗', 27, 1592, 1643, '清朝第二位皇帝，改国号为清，为入关奠定基础', '改国号为清,征服朝鲜蒙古,为入关奠定基础', NULL, '2025-12-16 15:25:05');
INSERT INTO `person` VALUES (215, '多尔衮', '爱新觉罗', '多尔衮', NULL, NULL, '睿忠亲王', NULL, 27, 1612, 1650, '清初摄政王，率军入关，定都北京', '率军入关,定都北京,摄政王', NULL, '2025-12-16 15:25:05');
INSERT INTO `person` VALUES (216, '顺治帝', '爱新觉罗', '福临', NULL, NULL, '体天隆运定统建极英睿钦文显武大德弘功至仁纯孝章皇帝', '世祖', 27, 1638, 1661, '清朝入关后第一位皇帝，定都北京，统一全国', '定都北京,统一全国,顺治出家', NULL, '2025-12-16 15:25:05');
INSERT INTO `person` VALUES (217, '康熙帝', '爱新觉罗', '玄烨', NULL, NULL, '合天弘运文武睿哲恭俭宽裕孝敬诚信中和功德大成仁皇帝', '圣祖', 27, 1654, 1722, '清朝第四位皇帝，在位六十一年，平三藩、收台湾、三征噶尔丹', '平定三藩,统一台湾,三征噶尔丹,康熙字典,千古一帝', NULL, '2025-12-16 15:25:05');
INSERT INTO `person` VALUES (218, '雍正帝', '爱新觉罗', '胤禛', NULL, NULL, '敬天昌运建中表正文武英明宽仁信毅睿圣大孝至诚宪皇帝', '世宗', 27, 1678, 1735, '清朝第五位皇帝，推行摊丁入亩、火耗归公，勤政', '摊丁入亩,火耗归公,设立军机处,勤政', NULL, '2025-12-16 15:25:05');
INSERT INTO `person` VALUES (219, '乾隆帝', '爱新觉罗', '弘历', NULL, NULL, '法天隆运至诚先觉体元立极敷文奋武钦明孝慈神圣纯皇帝', '高宗', 27, 1711, 1799, '清朝第六位皇帝，在位六十年，十全武功，编纂四库全书', '十全武功,编纂四库全书,康乾盛世,六下江南', NULL, '2025-12-16 15:25:05');
INSERT INTO `person` VALUES (220, '和珅', '钮祜禄', '善保', '致斋', NULL, NULL, NULL, 27, 1750, 1799, '清朝大臣，乾隆宠臣，贪污巨额财富，嘉庆帝赐死', '乾隆宠臣,贪污巨富,和珅跌倒嘉庆吃饱', NULL, '2025-12-16 15:25:05');
INSERT INTO `person` VALUES (221, '纪昀', '纪', '昀', '晓岚', '石云', '文达', NULL, 27, 1724, 1805, '清朝学者，主编《四库全书》，著有《阅微草堂笔记》', '主编《四库全书》,《阅微草堂笔记》,铁齿铜牙', NULL, '2025-12-16 15:25:05');
INSERT INTO `person` VALUES (222, '林则徐', '林', '则徐', '元抚', '少穆', '文忠', NULL, 27, 1785, 1850, '清朝政治家，虎门销烟，民族英雄', '虎门销烟,民族英雄,苟利国家生死以', NULL, '2025-12-16 15:25:05');
INSERT INTO `person` VALUES (223, '曾国藩', '曾', '国藩', '伯涵', '涤生', '文正', NULL, 27, 1811, 1872, '清朝政治家、军事家，创建湘军，平定太平天国', '创建湘军,平定太平天国,洋务运动,曾文正公', NULL, '2025-12-16 15:25:05');
INSERT INTO `person` VALUES (224, '李鸿章', '李', '鸿章', '渐甫', '少荃', '文忠', NULL, 27, 1823, 1901, '清朝政治家，洋务运动领袖，创建北洋水师', '洋务运动,创建北洋水师,签订马关条约', NULL, '2025-12-16 15:25:05');
INSERT INTO `person` VALUES (225, '左宗棠', '左', '宗棠', '季高', '朴存', '文襄', NULL, 27, 1812, 1885, '清朝政治家、军事家，收复新疆', '收复新疆,洋务运动,创建福州船政局', NULL, '2025-12-16 15:25:05');
INSERT INTO `person` VALUES (226, '张之洞', '张', '之洞', '孝达', '香涛', '文襄', NULL, 27, 1837, 1909, '清朝政治家，洋务运动领袖，创办汉阳铁厂', '洋务运动,创办汉阳铁厂,中体西用', NULL, '2025-12-16 15:25:05');
INSERT INTO `person` VALUES (227, '洪秀全', '洪', '秀全', '仁坤', NULL, NULL, NULL, 27, 1814, 1864, '太平天国创建者，发动金田起义，建立太平天国', '建立太平天国,金田起义,天王', NULL, '2025-12-16 15:25:05');
INSERT INTO `person` VALUES (228, '慈禧太后', '叶赫那拉', '杏贞', NULL, NULL, '孝钦慈禧端佑康颐昭豫庄诚寿恭钦献崇熙配天兴圣显皇后', NULL, 27, 1835, 1908, '清朝实际统治者，垂帘听政四十七年', '垂帘听政,戊戌政变,庚子国变', NULL, '2025-12-16 15:25:05');
INSERT INTO `person` VALUES (229, '光绪帝', '爱新觉罗', '载湉', NULL, NULL, '同天崇运大中至正经文纬武仁孝睿智端俭宽勤景皇帝', '德宗', 27, 1871, 1908, '清朝第十一位皇帝，支持戊戌变法，被慈禧囚禁', '戊戌变法,被囚瀛台,傀儡皇帝', NULL, '2025-12-16 15:25:05');
INSERT INTO `person` VALUES (230, '康有为', '康', '有为', '广厦', '长素', NULL, NULL, 27, 1858, 1927, '清末维新派领袖，戊戌变法主要推动者', '戊戌变法,公车上书,维新派领袖', NULL, '2025-12-16 15:25:05');
INSERT INTO `person` VALUES (231, '梁启超', '梁', '启超', '卓如', '任公', NULL, NULL, 27, 1873, 1929, '清末民初思想家，戊戌变法参与者，著有《少年中国说》', '戊戌变法,《少年中国说》,新民说', NULL, '2025-12-16 15:25:05');
INSERT INTO `person` VALUES (232, '谭嗣同', '谭', '嗣同', '复生', '壮飞', NULL, NULL, 27, 1865, 1898, '清末维新派，戊戌六君子之一，慷慨就义', '戊戌六君子,我自横刀向天笑,慷慨就义', NULL, '2025-12-16 15:25:05');
INSERT INTO `person` VALUES (233, '孙中山', '孙', '文', '载之', '逸仙', NULL, NULL, 27, 1866, 1925, '中国民主革命先驱，推翻清朝，建立中华民国', '辛亥革命,建立中华民国,三民主义,国父', NULL, '2025-12-16 15:25:05');
INSERT INTO `person` VALUES (234, '袁世凯', '袁', '世凯', '慰亭', '容庵', NULL, NULL, 27, 1859, 1916, '清末民初政治家，逼清帝退位，后称帝失败', '逼清帝退位,洪宪帝制,北洋军阀', NULL, '2025-12-16 15:25:05');
INSERT INTO `person` VALUES (235, '溥仪', '爱新觉罗', '溥仪', NULL, NULL, '逊帝', NULL, 27, 1906, 1967, '清朝末代皇帝，辛亥革命后退位，中国最后一位皇帝', '末代皇帝,辛亥革命退位,伪满洲国', NULL, '2025-12-16 15:25:05');
INSERT INTO `person` VALUES (236, '曹雪芹', '曹', '霑', '梦阮', '雪芹', NULL, NULL, 27, 1715, 1763, '清代小说家，著有《红楼梦》', '著《红楼梦》,中国古典小说巅峰', NULL, '2025-12-16 15:25:05');
INSERT INTO `person` VALUES (237, '蒲松龄', '蒲', '松龄', '留仙', '柳泉居士', NULL, NULL, 27, 1640, 1715, '清代小说家，著有《聊斋志异》', '著《聊斋志异》,文言短篇小说集', NULL, '2025-12-16 15:25:05');
INSERT INTO `person` VALUES (238, '吴敬梓', '吴', '敬梓', '敏轩', '文木老人', NULL, NULL, 27, 1701, 1754, '清代小说家，著有《儒林外史》', '著《儒林外史》,讽刺小说', NULL, '2025-12-16 15:25:05');
INSERT INTO `person` VALUES (239, '郑板桥', '郑', '燮', '克柔', '板桥', NULL, NULL, 27, 1693, 1765, '清代书画家，扬州八怪之一', '扬州八怪,诗书画三绝,难得糊涂', NULL, '2025-12-16 15:25:05');

-- ----------------------------
-- Table structure for person_relation
-- ----------------------------
DROP TABLE IF EXISTS `person_relation`;
CREATE TABLE `person_relation`  (
  `id` bigint UNSIGNED NOT NULL AUTO_INCREMENT COMMENT '主键ID',
  `person_id` bigint UNSIGNED NOT NULL COMMENT '人物ID（主角）',
  `related_person_id` bigint UNSIGNED NULL DEFAULT NULL COMMENT '被关联人物ID（若在库中）',
  `related_person_name` varchar(200) CHARACTER SET utf8mb4 COLLATE utf8mb4_0900_ai_ci NULL DEFAULT NULL COMMENT '被关联人物名称（如不在库中）',
  `relation_type` varchar(100) CHARACTER SET utf8mb4 COLLATE utf8mb4_0900_ai_ci NOT NULL COMMENT '关系类型：父子/君臣/敌对/师承等',
  `description` text CHARACTER SET utf8mb4 COLLATE utf8mb4_0900_ai_ci NULL COMMENT '关系说明',
  `created_at` timestamp NOT NULL DEFAULT CURRENT_TIMESTAMP COMMENT '创建时间',
  PRIMARY KEY (`id`) USING BTREE,
  INDEX `fk_pr_person`(`person_id` ASC) USING BTREE,
  INDEX `fk_pr_related_person`(`related_person_id` ASC) USING BTREE,
  CONSTRAINT `fk_pr_person` FOREIGN KEY (`person_id`) REFERENCES `person` (`id`) ON DELETE CASCADE ON UPDATE RESTRICT,
  CONSTRAINT `fk_pr_related_person` FOREIGN KEY (`related_person_id`) REFERENCES `person` (`id`) ON DELETE SET NULL ON UPDATE RESTRICT
) ENGINE = InnoDB AUTO_INCREMENT = 225 CHARACTER SET = utf8mb4 COLLATE = utf8mb4_0900_ai_ci COMMENT = '人物关系表' ROW_FORMAT = Dynamic;

-- ----------------------------
-- Records of person_relation
-- ----------------------------
INSERT INTO `person_relation` VALUES (1, 1, 2, NULL, '前后相继', '燧人氏之后，伏羲氏继起，代表不同时代的文明进步', '2025-12-16 15:34:43');
INSERT INTO `person_relation` VALUES (2, 2, 3, NULL, '兄妹夫妻', '传说伏羲与女娲是兄妹也是夫妻，共同创造人类', '2025-12-16 15:34:43');
INSERT INTO `person_relation` VALUES (3, 2, 4, NULL, '前后相继', '伏羲氏之后，神农氏继起，开创农业文明', '2025-12-16 15:34:43');
INSERT INTO `person_relation` VALUES (4, 4, 5, NULL, '前后相继', '神农氏（炎帝）之后，黄帝统一华夏部落', '2025-12-16 15:34:43');
INSERT INTO `person_relation` VALUES (5, 5, 11, NULL, '敌对', '黄帝与蚩尤战于涿鹿，最终擒杀蚩尤', '2025-12-16 15:34:43');
INSERT INTO `person_relation` VALUES (6, 5, NULL, '炎帝', '对手后结盟', '黄帝与炎帝战于阪泉，黄帝胜，后两部落融合为华夏族', '2025-12-16 15:34:43');
INSERT INTO `person_relation` VALUES (7, 5, 6, NULL, '祖孙', '颛顼为黄帝之孙，昌意之子', '2025-12-16 15:34:43');
INSERT INTO `person_relation` VALUES (8, 6, 7, NULL, '叔侄', '帝喾为颛顼之侄，继承帝位', '2025-12-16 15:34:43');
INSERT INTO `person_relation` VALUES (9, 7, 8, NULL, '父子', '尧为帝喾之子，继承帝位', '2025-12-16 15:34:43');
INSERT INTO `person_relation` VALUES (10, 8, 9, NULL, '禅让', '尧年老时让位于舜，开创禅让制典范', '2025-12-16 15:34:43');
INSERT INTO `person_relation` VALUES (11, 9, 10, NULL, '禅让', '舜禅让帝位于大禹，结束五帝时代', '2025-12-16 15:34:43');
INSERT INTO `person_relation` VALUES (12, 10, NULL, '鲧', '父子', '禹是鲧的儿子，继承父业治水成功', '2025-12-16 15:34:43');
INSERT INTO `person_relation` VALUES (13, 10, 12, NULL, '父子', '启是大禹之子，开创家天下', '2025-12-16 15:34:43');
INSERT INTO `person_relation` VALUES (14, 12, 13, NULL, '后代', '少康是启的后代，实现夏朝中兴', '2025-12-16 15:34:43');
INSERT INTO `person_relation` VALUES (15, 13, 14, NULL, '后代', '夏桀是少康的后代，夏朝末代君主', '2025-12-16 15:34:43');
INSERT INTO `person_relation` VALUES (16, 14, 15, NULL, '敌对', '夏桀暴虐，商汤伐夏，建立商朝', '2025-12-16 15:34:43');
INSERT INTO `person_relation` VALUES (17, 15, 16, NULL, '君臣', '商汤任用伊尹为相，辅佐灭夏', '2025-12-16 15:34:43');
INSERT INTO `person_relation` VALUES (18, 16, 17, NULL, '辅佐', '伊尹历事五代商王，辅佐盘庚迁殷', '2025-12-16 15:34:43');
INSERT INTO `person_relation` VALUES (19, 17, 18, NULL, '后代', '武丁是盘庚的后代，商朝中兴之主', '2025-12-16 15:34:43');
INSERT INTO `person_relation` VALUES (20, 18, 19, NULL, '夫妻', '妇好是商王武丁的王后，女性军事统帅', '2025-12-16 15:34:43');
INSERT INTO `person_relation` VALUES (21, 18, 20, NULL, '后代', '商纣王是武丁的后代，商朝末代君主', '2025-12-16 15:34:43');
INSERT INTO `person_relation` VALUES (22, 20, 21, NULL, '叔侄', '比干是商纣王的叔父，因直谏被剖心', '2025-12-16 15:34:43');
INSERT INTO `person_relation` VALUES (23, 22, 23, NULL, '父子', '周武王是周文王之子，继承父业灭商', '2025-12-16 15:34:43');
INSERT INTO `person_relation` VALUES (24, 22, 24, NULL, '君臣', '姜子牙辅佐周文王，后辅佐武王伐纣', '2025-12-16 15:34:43');
INSERT INTO `person_relation` VALUES (25, 23, 24, NULL, '君臣', '姜子牙辅佐周武王伐纣灭商', '2025-12-16 15:34:43');
INSERT INTO `person_relation` VALUES (26, 23, 25, NULL, '兄弟', '周公旦是周武王之弟，制礼作乐', '2025-12-16 15:34:43');
INSERT INTO `person_relation` VALUES (27, 23, 26, NULL, '君臣', '召公奭辅佐周武王，后与周公共同辅政', '2025-12-16 15:34:43');
INSERT INTO `person_relation` VALUES (28, 25, 26, NULL, '同僚', '周公与召公共同辅佐成王，分陕而治', '2025-12-16 15:34:43');
INSERT INTO `person_relation` VALUES (29, 27, 28, NULL, '祖孙', '周幽王是周厉王之孙，西周末代君主', '2025-12-16 15:34:43');
INSERT INTO `person_relation` VALUES (30, 29, 30, NULL, '君臣', '管仲辅佐齐桓公称霸，推行改革', '2025-12-16 15:34:43');
INSERT INTO `person_relation` VALUES (31, 29, 31, NULL, '同时期', '齐桓公与晋文公同为春秋五霸', '2025-12-16 15:34:43');
INSERT INTO `person_relation` VALUES (32, 31, 32, NULL, '同时期', '晋文公与秦穆公同为春秋五霸', '2025-12-16 15:34:43');
INSERT INTO `person_relation` VALUES (33, 32, NULL, '百里奚', '君臣', '秦穆公重用百里奚，称霸西戎', '2025-12-16 15:34:43');
INSERT INTO `person_relation` VALUES (34, 33, 34, NULL, '同时期', '楚庄王与伍子胥时代相近', '2025-12-16 15:34:43');
INSERT INTO `person_relation` VALUES (35, 34, 37, NULL, '同僚', '伍子胥与孙武同为吴国名臣', '2025-12-16 15:34:43');
INSERT INTO `person_relation` VALUES (36, 35, 39, NULL, '师承', '孟子继承发展孔子儒学思想', '2025-12-16 15:34:43');
INSERT INTO `person_relation` VALUES (37, 36, 40, NULL, '同派', '老子与庄子同为道家代表人物', '2025-12-16 15:34:43');
INSERT INTO `person_relation` VALUES (38, 39, 41, NULL, '同派', '孟子与荀子同为儒家代表人物', '2025-12-16 15:34:43');
INSERT INTO `person_relation` VALUES (39, 41, 42, NULL, '师生', '韩非师从荀子，成为法家集大成者', '2025-12-16 15:34:43');
INSERT INTO `person_relation` VALUES (40, 41, 56, NULL, '师生', '李斯师从荀子，后为秦朝丞相', '2025-12-16 15:34:43');
INSERT INTO `person_relation` VALUES (41, 44, 45, NULL, '同时期', '商鞅与白起同为秦国强盛的功臣', '2025-12-16 15:34:43');
INSERT INTO `person_relation` VALUES (42, 45, 46, NULL, '敌对', '白起与廉颇在长平之战对阵', '2025-12-16 15:34:43');
INSERT INTO `person_relation` VALUES (43, 46, 47, NULL, '同僚', '廉颇与蔺相如将相和', '2025-12-16 15:34:43');
INSERT INTO `person_relation` VALUES (44, 48, 49, NULL, '同时期', '李牧与王翦同为战国名将', '2025-12-16 15:34:43');
INSERT INTO `person_relation` VALUES (45, 51, 52, NULL, '师生', '苏秦师从鬼谷子，学习纵横之术', '2025-12-16 15:34:43');
INSERT INTO `person_relation` VALUES (46, 51, 53, NULL, '师生', '张仪师从鬼谷子，学习纵横之术', '2025-12-16 15:34:43');
INSERT INTO `person_relation` VALUES (47, 52, 53, NULL, '同门', '苏秦与张仪同为鬼谷子弟子，但政见相反', '2025-12-16 15:34:43');
INSERT INTO `person_relation` VALUES (48, 54, 55, NULL, '君臣', '吕不韦辅佐秦王政（秦始皇）', '2025-12-16 15:34:43');
INSERT INTO `person_relation` VALUES (49, 55, 56, NULL, '君臣', '秦始皇重用李斯为丞相', '2025-12-16 15:34:43');
INSERT INTO `person_relation` VALUES (50, 55, 57, NULL, '君臣', '蒙恬是秦始皇的大将，北击匈奴', '2025-12-16 15:34:43');
INSERT INTO `person_relation` VALUES (51, 55, 58, NULL, '君臣', '赵高是秦始皇的宦官，后专权乱政', '2025-12-16 15:34:43');
INSERT INTO `person_relation` VALUES (52, 56, 58, NULL, '政敌', '李斯与赵高争权，最终被赵高害死', '2025-12-16 15:34:43');
INSERT INTO `person_relation` VALUES (53, 59, 60, NULL, '同僚', '陈胜与吴广共同发动大泽乡起义', '2025-12-16 15:34:43');
INSERT INTO `person_relation` VALUES (54, 61, 62, NULL, '敌对', '项羽与刘邦楚汉相争，最终刘邦胜出', '2025-12-16 15:34:43');
INSERT INTO `person_relation` VALUES (55, 62, 63, NULL, '君臣', '萧何辅佐刘邦建立汉朝，月下追韩信', '2025-12-16 15:34:43');
INSERT INTO `person_relation` VALUES (56, 62, 64, NULL, '君臣', '张良辅佐刘邦，运筹帷幄', '2025-12-16 15:34:43');
INSERT INTO `person_relation` VALUES (57, 62, 65, NULL, '君臣', '韩信为刘邦统一天下立下大功', '2025-12-16 15:34:43');
INSERT INTO `person_relation` VALUES (58, 62, 66, NULL, '夫妻', '吕后是刘邦的皇后', '2025-12-16 15:34:43');
INSERT INTO `person_relation` VALUES (59, 63, 64, NULL, '同僚', '萧何与张良同为汉初三杰', '2025-12-16 15:34:43');
INSERT INTO `person_relation` VALUES (60, 63, 65, NULL, '同僚', '萧何与韩信同为汉初三杰，萧何月下追韩信', '2025-12-16 15:34:43');
INSERT INTO `person_relation` VALUES (61, 64, 65, NULL, '同僚', '张良与韩信同为汉初三杰', '2025-12-16 15:34:43');
INSERT INTO `person_relation` VALUES (62, 66, 67, NULL, '母子', '汉文帝是吕后的继子，吕后死后即位', '2025-12-16 15:34:43');
INSERT INTO `person_relation` VALUES (63, 67, 68, NULL, '父子', '汉景帝是汉文帝之子，共创文景之治', '2025-12-16 15:34:43');
INSERT INTO `person_relation` VALUES (64, 68, 69, NULL, '父子', '汉武帝是汉景帝之子', '2025-12-16 15:34:43');
INSERT INTO `person_relation` VALUES (65, 69, 70, NULL, '君臣', '汉武帝采纳董仲舒建议，独尊儒术', '2025-12-16 15:34:43');
INSERT INTO `person_relation` VALUES (66, 69, 71, NULL, '君臣', '汉武帝重用卫青北击匈奴', '2025-12-16 15:34:43');
INSERT INTO `person_relation` VALUES (67, 69, 72, NULL, '君臣', '汉武帝重用霍去病北击匈奴', '2025-12-16 15:34:43');
INSERT INTO `person_relation` VALUES (68, 69, 73, NULL, '君臣', '汉武帝派张骞出使西域', '2025-12-16 15:34:43');
INSERT INTO `person_relation` VALUES (69, 69, 74, NULL, '君臣', '司马迁在汉武帝时期著《史记》', '2025-12-16 15:34:43');
INSERT INTO `person_relation` VALUES (70, 69, 75, NULL, '君臣', '苏武出使匈奴被扣留十九年', '2025-12-16 15:34:43');
INSERT INTO `person_relation` VALUES (71, 69, 76, NULL, '君臣', '王昭君在汉元帝时期出塞和亲', '2025-12-16 15:34:43');
INSERT INTO `person_relation` VALUES (72, 71, 72, NULL, '舅甥', '霍去病是卫青的外甥', '2025-12-16 15:34:43');
INSERT INTO `person_relation` VALUES (73, 74, 77, NULL, '同时期', '司马迁与刘向同为西汉史学家', '2025-12-16 15:34:43');
INSERT INTO `person_relation` VALUES (74, 78, 79, NULL, '敌对', '王莽篡汉建新，刘秀推翻新朝建立东汉', '2025-12-16 15:34:43');
INSERT INTO `person_relation` VALUES (75, 79, 62, NULL, '后代', '刘秀是刘邦的九世孙', '2025-12-16 15:34:43');
INSERT INTO `person_relation` VALUES (76, 79, 80, NULL, '君臣', '班超在东汉时期经营西域', '2025-12-16 15:34:43');
INSERT INTO `person_relation` VALUES (77, 80, 81, NULL, '兄弟', '班超与班固是兄弟', '2025-12-16 15:34:43');
INSERT INTO `person_relation` VALUES (78, 81, 82, NULL, '兄妹', '班固与班昭是兄妹，班昭续写《汉书》', '2025-12-16 15:34:43');
INSERT INTO `person_relation` VALUES (79, 83, 84, NULL, '同时期', '蔡伦与张衡同为东汉科学家', '2025-12-16 15:34:43');
INSERT INTO `person_relation` VALUES (80, 86, 87, NULL, '同时期', '华佗与张仲景同为东汉名医', '2025-12-16 15:34:43');
INSERT INTO `person_relation` VALUES (81, 88, 89, NULL, '敌对', '张角发动黄巾起义，董卓趁乱专权', '2025-12-16 15:34:43');
INSERT INTO `person_relation` VALUES (82, 90, 91, NULL, '父女', '蔡邕是蔡文姬的父亲', '2025-12-16 15:34:43');
INSERT INTO `person_relation` VALUES (83, 92, 93, NULL, '父子', '曹丕是曹操之子，代汉建魏', '2025-12-16 15:34:43');
INSERT INTO `person_relation` VALUES (84, 92, 94, NULL, '父子', '曹植是曹操之子，建安文学代表', '2025-12-16 15:34:43');
INSERT INTO `person_relation` VALUES (85, 92, 95, NULL, '君臣', '司马懿辅佐曹操', '2025-12-16 15:34:43');
INSERT INTO `person_relation` VALUES (86, 92, 96, NULL, '君臣', '荀彧为曹操出谋划策', '2025-12-16 15:34:43');
INSERT INTO `person_relation` VALUES (87, 92, 97, NULL, '君臣', '郭嘉为曹操谋士', '2025-12-16 15:34:43');
INSERT INTO `person_relation` VALUES (88, 93, 94, NULL, '兄弟', '曹丕与曹植是兄弟，七步成诗', '2025-12-16 15:34:43');
INSERT INTO `person_relation` VALUES (89, 95, 113, NULL, '祖孙', '司马炎是司马懿之孙，建立西晋', '2025-12-16 15:34:43');
INSERT INTO `person_relation` VALUES (90, 98, 99, NULL, '君臣', '刘备三顾茅庐请出诸葛亮', '2025-12-16 15:34:43');
INSERT INTO `person_relation` VALUES (91, 98, 100, NULL, '结义兄弟', '刘备与关羽桃园结义', '2025-12-16 15:34:43');
INSERT INTO `person_relation` VALUES (92, 98, 101, NULL, '结义兄弟', '刘备与张飞桃园结义', '2025-12-16 15:34:43');
INSERT INTO `person_relation` VALUES (93, 98, 102, NULL, '君臣', '赵云追随刘备，长坂坡救阿斗', '2025-12-16 15:34:43');
INSERT INTO `person_relation` VALUES (94, 98, 103, NULL, '君臣', '黄忠追随刘备，定军山斩夏侯渊', '2025-12-16 15:34:43');
INSERT INTO `person_relation` VALUES (95, 98, 104, NULL, '君臣', '马超归降刘备', '2025-12-16 15:34:43');
INSERT INTO `person_relation` VALUES (96, 98, 106, NULL, '君臣', '庞统辅佐刘备，落凤坡战死', '2025-12-16 15:34:43');
INSERT INTO `person_relation` VALUES (97, 99, 105, NULL, '师生', '姜维是诸葛亮选定的继承人', '2025-12-16 15:34:43');
INSERT INTO `person_relation` VALUES (98, 99, 108, NULL, '对手', '诸葛亮与周瑜在赤壁之战合作抗曹', '2025-12-16 15:34:43');
INSERT INTO `person_relation` VALUES (99, 100, 101, NULL, '结义兄弟', '关羽与张飞桃园结义', '2025-12-16 15:34:43');
INSERT INTO `person_relation` VALUES (100, 107, 108, NULL, '君臣', '周瑜辅佐孙权，赤壁之战大败曹军', '2025-12-16 15:34:43');
INSERT INTO `person_relation` VALUES (101, 107, 109, NULL, '君臣', '陆逊辅佐孙权，夷陵之战大败刘备', '2025-12-16 15:34:43');
INSERT INTO `person_relation` VALUES (102, 107, 110, NULL, '君臣', '鲁肃辅佐孙权，促成孙刘联盟', '2025-12-16 15:34:43');
INSERT INTO `person_relation` VALUES (103, 107, 111, NULL, '君臣', '吕蒙辅佐孙权，白衣渡江袭取荆州', '2025-12-16 15:34:43');
INSERT INTO `person_relation` VALUES (104, 107, 112, NULL, '兄弟', '孙权是孙策之弟，继承江东基业', '2025-12-16 15:34:43');
INSERT INTO `person_relation` VALUES (105, 113, 95, NULL, '祖孙', '司马炎是司马懿之孙，代魏建晋', '2025-12-16 15:34:43');
INSERT INTO `person_relation` VALUES (106, 114, 115, NULL, '父子', '王献之是王羲之之子，书法二王', '2025-12-16 15:34:43');
INSERT INTO `person_relation` VALUES (107, 116, 117, NULL, '君臣', '谢安辅佐司马睿及其后代，淝水之战击败前秦', '2025-12-16 15:34:43');
INSERT INTO `person_relation` VALUES (108, 117, 118, NULL, '叔侄', '谢玄是谢安的侄子，淝水之战前线指挥', '2025-12-16 15:34:43');
INSERT INTO `person_relation` VALUES (109, 119, 120, NULL, '同时期', '陶渊明与顾恺之同为东晋名士', '2025-12-16 15:34:43');
INSERT INTO `person_relation` VALUES (110, 120, 121, NULL, '同时期', '顾恺之与谢灵运同为东晋南朝文化名人', '2025-12-16 15:34:43');
INSERT INTO `person_relation` VALUES (111, 122, 123, NULL, '同时期', '北魏孝文帝与祖冲之同为南北朝时期', '2025-12-16 15:34:43');
INSERT INTO `person_relation` VALUES (112, 123, 124, NULL, '同时期', '祖冲之与郦道元同为南北朝科学家', '2025-12-16 15:34:43');
INSERT INTO `person_relation` VALUES (113, 124, 125, NULL, '同时期', '郦道元与贾思勰同为北魏学者', '2025-12-16 15:34:43');
INSERT INTO `person_relation` VALUES (114, 127, 128, NULL, '父子', '杨广是杨坚之子，隋朝第二位皇帝', '2025-12-16 15:34:43');
INSERT INTO `person_relation` VALUES (115, 127, 129, NULL, '君臣', '杨素辅佐杨坚平定南陈', '2025-12-16 15:34:43');
INSERT INTO `person_relation` VALUES (116, 128, 130, NULL, '敌对', '杨广暴政导致隋亡，李渊建立唐朝', '2025-12-16 15:34:43');
INSERT INTO `person_relation` VALUES (117, 130, 131, NULL, '父子', '李世民是李渊之子，玄武门之变后即位', '2025-12-16 15:34:43');
INSERT INTO `person_relation` VALUES (118, 131, 132, NULL, '君臣', '魏征直言敢谏，辅佐唐太宗', '2025-12-16 15:34:43');
INSERT INTO `person_relation` VALUES (119, 131, 133, NULL, '君臣', '房玄龄辅佐唐太宗，房谋杜断', '2025-12-16 15:34:43');
INSERT INTO `person_relation` VALUES (120, 131, 134, NULL, '君臣', '杜如晦辅佐唐太宗，房谋杜断', '2025-12-16 15:34:43');
INSERT INTO `person_relation` VALUES (121, 131, 135, NULL, '君臣', '长孙无忌是唐太宗的重臣', '2025-12-16 15:34:43');
INSERT INTO `person_relation` VALUES (122, 131, 136, NULL, '君臣', '李靖是唐太宗的名将', '2025-12-16 15:34:43');
INSERT INTO `person_relation` VALUES (123, 131, 137, NULL, '君臣', '秦琼是唐朝开国名将', '2025-12-16 15:34:43');
INSERT INTO `person_relation` VALUES (124, 131, 138, NULL, '君臣', '尉迟恭是唐朝开国名将', '2025-12-16 15:34:43');
INSERT INTO `person_relation` VALUES (125, 131, 139, NULL, '夫妻', '武则天原是唐太宗才人', '2025-12-16 15:34:43');
INSERT INTO `person_relation` VALUES (126, 133, 134, NULL, '同僚', '房玄龄与杜如晦并称房谋杜断', '2025-12-16 15:34:43');
INSERT INTO `person_relation` VALUES (127, 137, 138, NULL, '同僚', '秦琼与尉迟恭同为门神原型', '2025-12-16 15:34:43');
INSERT INTO `person_relation` VALUES (128, 139, 140, NULL, '君臣', '狄仁杰辅佐武则天', '2025-12-16 15:34:43');
INSERT INTO `person_relation` VALUES (129, 139, 141, NULL, '祖孙', '唐玄宗是武则天的孙子', '2025-12-16 15:34:43');
INSERT INTO `person_relation` VALUES (130, 141, 142, NULL, '夫妻', '杨贵妃是唐玄宗的宠妃', '2025-12-16 15:34:43');
INSERT INTO `person_relation` VALUES (131, 141, 143, NULL, '君臣', '安禄山是唐玄宗的节度使，后发动叛乱', '2025-12-16 15:34:43');
INSERT INTO `person_relation` VALUES (132, 141, 144, NULL, '君臣', '郭子仪平定安史之乱', '2025-12-16 15:34:43');
INSERT INTO `person_relation` VALUES (133, 141, 145, NULL, '同时期', '李白与唐玄宗同时期', '2025-12-16 15:34:43');
INSERT INTO `person_relation` VALUES (134, 141, 146, NULL, '同时期', '杜甫与唐玄宗同时期', '2025-12-16 15:34:43');
INSERT INTO `person_relation` VALUES (135, 145, 146, NULL, '好友', '李白与杜甫是唐代两大诗人，互相敬重', '2025-12-16 15:34:43');
INSERT INTO `person_relation` VALUES (136, 145, 148, NULL, '同时期', '李白与王维同为盛唐诗人', '2025-12-16 15:34:43');
INSERT INTO `person_relation` VALUES (137, 146, 147, NULL, '同时期', '杜甫与白居易同为唐代现实主义诗人', '2025-12-16 15:34:43');
INSERT INTO `person_relation` VALUES (138, 148, 149, NULL, '同派', '王维与孟浩然同为山水田园诗派', '2025-12-16 15:34:43');
INSERT INTO `person_relation` VALUES (139, 150, 151, NULL, '同僚', '韩愈与柳宗元共同倡导古文运动', '2025-12-16 15:34:43');
INSERT INTO `person_relation` VALUES (140, 152, 131, NULL, '君臣', '玄奘在唐太宗时期西行取经', '2025-12-16 15:34:43');
INSERT INTO `person_relation` VALUES (141, 153, 154, NULL, '同时期', '颜真卿与柳公权同为唐代书法家', '2025-12-16 15:34:43');
INSERT INTO `person_relation` VALUES (142, 155, 156, NULL, '敌对', '黄巢起义动摇唐朝根基，朱温趁乱崛起', '2025-12-16 15:34:43');
INSERT INTO `person_relation` VALUES (143, 156, 157, NULL, '敌对', '朱温建立后梁，后被李存勖所灭', '2025-12-16 15:34:43');
INSERT INTO `person_relation` VALUES (144, 157, 158, NULL, '先后', '李存勖建立后唐，柴荣建立后周', '2025-12-16 15:34:43');
INSERT INTO `person_relation` VALUES (145, 158, 160, NULL, '先后', '柴荣改革为宋统一奠定基础，赵匡胤建立北宋', '2025-12-16 15:34:43');
INSERT INTO `person_relation` VALUES (146, 159, 167, NULL, '同时期', '李煜与苏轼同为词坛大家', '2025-12-16 15:34:43');
INSERT INTO `person_relation` VALUES (147, 160, 161, NULL, '兄弟', '赵光义是赵匡胤之弟，继承皇位', '2025-12-16 15:34:43');
INSERT INTO `person_relation` VALUES (148, 160, 162, NULL, '君臣', '寇准辅佐宋真宗，促成澶渊之盟', '2025-12-16 15:34:43');
INSERT INTO `person_relation` VALUES (149, 163, 164, NULL, '同僚', '范仲淹与欧阳修同为北宋名臣', '2025-12-16 15:34:43');
INSERT INTO `person_relation` VALUES (150, 163, 165, NULL, '政见不同', '范仲淹与王安石政见有异', '2025-12-16 15:34:43');
INSERT INTO `person_relation` VALUES (151, 164, 167, NULL, '师生', '苏轼是欧阳修的学生', '2025-12-16 15:34:43');
INSERT INTO `person_relation` VALUES (152, 165, 166, NULL, '政敌', '王安石与司马光政见相反，新旧党争', '2025-12-16 15:34:43');
INSERT INTO `person_relation` VALUES (153, 167, 168, NULL, '父子', '苏洵是苏轼之父，三苏之一', '2025-12-16 15:34:43');
INSERT INTO `person_relation` VALUES (154, 167, 169, NULL, '兄弟', '苏辙是苏轼之弟，三苏之一', '2025-12-16 15:34:43');
INSERT INTO `person_relation` VALUES (155, 167, 170, NULL, '同僚', '苏轼与曾巩同为唐宋八大家', '2025-12-16 15:34:43');
INSERT INTO `person_relation` VALUES (156, 167, 173, NULL, '同时期', '苏轼与李清照同为宋代词人', '2025-12-16 15:34:43');
INSERT INTO `person_relation` VALUES (157, 167, 176, NULL, '师生', '黄庭坚是苏轼的学生，苏门四学士', '2025-12-16 15:34:43');
INSERT INTO `person_relation` VALUES (158, 171, 172, NULL, '同时期', '沈括与毕昇同为北宋科学家', '2025-12-16 15:34:43');
INSERT INTO `person_relation` VALUES (159, 174, 163, NULL, '同时期', '包拯与范仲淹同为北宋名臣', '2025-12-16 15:34:43');
INSERT INTO `person_relation` VALUES (160, 175, 180, NULL, '父子', '赵构是宋徽宗之子，建立南宋', '2025-12-16 15:34:43');
INSERT INTO `person_relation` VALUES (161, 177, 178, NULL, '后代', '萧太后是辽朝后期实际统治者', '2025-12-16 15:34:43');
INSERT INTO `person_relation` VALUES (162, 177, 160, NULL, '敌对', '辽朝与北宋长期对峙', '2025-12-16 15:34:43');
INSERT INTO `person_relation` VALUES (163, 179, 160, NULL, '敌对', '西夏与北宋长期对峙', '2025-12-16 15:34:43');
INSERT INTO `person_relation` VALUES (164, 190, 175, NULL, '敌对', '金朝灭北宋，俘虏宋徽宗', '2025-12-16 15:34:43');
INSERT INTO `person_relation` VALUES (165, 191, 180, NULL, '敌对', '完颜亮南侵失败，采石之战被击败', '2025-12-16 15:34:43');
INSERT INTO `person_relation` VALUES (166, 180, 181, NULL, '君臣', '岳飞是南宋抗金名将', '2025-12-16 15:34:43');
INSERT INTO `person_relation` VALUES (167, 180, 182, NULL, '君臣', '韩世忠是南宋抗金名将', '2025-12-16 15:34:43');
INSERT INTO `person_relation` VALUES (168, 180, 183, NULL, '君臣', '秦桧是南宋奸相，主和派', '2025-12-16 15:34:43');
INSERT INTO `person_relation` VALUES (169, 181, 182, NULL, '同僚', '岳飞与韩世忠同为中兴四将', '2025-12-16 15:34:43');
INSERT INTO `person_relation` VALUES (170, 181, 183, NULL, '政敌', '岳飞被秦桧以莫须有罪名杀害', '2025-12-16 15:34:43');
INSERT INTO `person_relation` VALUES (171, 184, 185, NULL, '同时期', '辛弃疾与陆游同为南宋爱国诗人', '2025-12-16 15:34:43');
INSERT INTO `person_relation` VALUES (172, 186, 35, NULL, '学术传承', '朱熹继承发展孔子儒学，程朱理学集大成', '2025-12-16 15:34:43');
INSERT INTO `person_relation` VALUES (173, 187, 188, NULL, '同僚', '文天祥与陆秀夫同为南宋末年忠臣', '2025-12-16 15:34:43');
INSERT INTO `person_relation` VALUES (174, 185, 189, NULL, '同时期', '陆游与杨万里同为南宋四大家', '2025-12-16 15:34:43');
INSERT INTO `person_relation` VALUES (175, 192, 193, NULL, '祖孙', '忽必烈是成吉思汗之孙', '2025-12-16 15:34:43');
INSERT INTO `person_relation` VALUES (176, 193, 194, NULL, '君臣', '马可·波罗在忽必烈时期来华', '2025-12-16 15:34:43');
INSERT INTO `person_relation` VALUES (177, 193, 195, NULL, '同时期', '关汉卿是元代戏曲家', '2025-12-16 15:34:43');
INSERT INTO `person_relation` VALUES (178, 193, 196, NULL, '同时期', '黄道婆是元代纺织技术革新家', '2025-12-16 15:34:43');
INSERT INTO `person_relation` VALUES (179, 193, 197, NULL, '君臣', '赵孟頫是元代书画家', '2025-12-16 15:34:43');
INSERT INTO `person_relation` VALUES (180, 198, 199, NULL, '父子', '朱棣是朱元璋之子，靖难之役夺位', '2025-12-16 15:34:43');
INSERT INTO `person_relation` VALUES (181, 199, 200, NULL, '君臣', '郑和在朱棣时期七下西洋', '2025-12-16 15:34:43');
INSERT INTO `person_relation` VALUES (182, 201, 199, NULL, '后代', '于谦在明英宗时期北京保卫战', '2025-12-16 15:34:43');
INSERT INTO `person_relation` VALUES (183, 202, 203, NULL, '同时期', '王阳明与戚继光同为明代名臣', '2025-12-16 15:34:43');
INSERT INTO `person_relation` VALUES (184, 203, 204, NULL, '同时期', '戚继光与李时珍同为明代名人', '2025-12-16 15:34:43');
INSERT INTO `person_relation` VALUES (185, 204, 205, NULL, '同时期', '李时珍与徐霞客同为明代科学家', '2025-12-16 15:34:43');
INSERT INTO `person_relation` VALUES (186, 206, 207, NULL, '同时期', '张居正与海瑞同为明代名臣', '2025-12-16 15:34:43');
INSERT INTO `person_relation` VALUES (187, 208, 213, NULL, '敌对', '袁崇焕抗击后金努尔哈赤', '2025-12-16 15:34:43');
INSERT INTO `person_relation` VALUES (188, 209, 210, NULL, '敌对', '李自成攻入北京，崇祯帝自缢', '2025-12-16 15:34:43');
INSERT INTO `person_relation` VALUES (189, 211, 212, NULL, '同时期', '唐伯虎与文征明同为江南四大才子', '2025-12-16 15:34:43');
INSERT INTO `person_relation` VALUES (190, 213, 214, NULL, '父子', '皇太极是努尔哈赤之子', '2025-12-16 15:34:43');
INSERT INTO `person_relation` VALUES (191, 214, 215, NULL, '兄弟', '多尔衮是皇太极之弟，摄政王', '2025-12-16 15:34:43');
INSERT INTO `person_relation` VALUES (192, 214, 216, NULL, '父子', '顺治帝是皇太极之子', '2025-12-16 15:34:43');
INSERT INTO `person_relation` VALUES (193, 215, 216, NULL, '叔侄', '多尔衮辅佐顺治帝入关', '2025-12-16 15:34:43');
INSERT INTO `person_relation` VALUES (194, 216, 217, NULL, '父子', '康熙帝是顺治帝之子', '2025-12-16 15:34:43');
INSERT INTO `person_relation` VALUES (195, 217, 218, NULL, '父子', '雍正帝是康熙帝之子', '2025-12-16 15:34:43');
INSERT INTO `person_relation` VALUES (196, 218, 219, NULL, '父子', '乾隆帝是雍正帝之子', '2025-12-16 15:34:43');
INSERT INTO `person_relation` VALUES (197, 219, 220, NULL, '君臣', '和珅是乾隆帝的宠臣', '2025-12-16 15:34:43');
INSERT INTO `person_relation` VALUES (198, 219, 221, NULL, '君臣', '纪昀主编《四库全书》', '2025-12-16 15:34:43');
INSERT INTO `person_relation` VALUES (199, 220, 221, NULL, '同僚', '和珅与纪昀同为乾隆朝大臣', '2025-12-16 15:34:43');
INSERT INTO `person_relation` VALUES (200, 222, 223, NULL, '同时期', '林则徐与曾国藩同为晚清名臣', '2025-12-16 15:34:43');
INSERT INTO `person_relation` VALUES (201, 223, 224, NULL, '同僚', '曾国藩与李鸿章同为洋务运动领袖', '2025-12-16 15:34:43');
INSERT INTO `person_relation` VALUES (202, 223, 225, NULL, '同僚', '曾国藩与左宗棠同为晚清名臣', '2025-12-16 15:34:43');
INSERT INTO `person_relation` VALUES (203, 224, 225, NULL, '同僚', '李鸿章与左宗棠同为洋务运动领袖', '2025-12-16 15:34:43');
INSERT INTO `person_relation` VALUES (204, 224, 226, NULL, '同僚', '李鸿章与张之洞同为洋务运动领袖', '2025-12-16 15:34:43');
INSERT INTO `person_relation` VALUES (205, 225, 226, NULL, '同僚', '左宗棠与张之洞同为洋务运动领袖', '2025-12-16 15:34:43');
INSERT INTO `person_relation` VALUES (206, 227, 223, NULL, '敌对', '洪秀全建立太平天国，曾国藩率湘军镇压', '2025-12-16 15:34:43');
INSERT INTO `person_relation` VALUES (207, 228, 229, NULL, '母子', '光绪帝是慈禧太后的外甥，被慈禧控制', '2025-12-16 15:34:43');
INSERT INTO `person_relation` VALUES (208, 228, 230, NULL, '敌对', '慈禧太后发动戊戌政变，镇压维新派', '2025-12-16 15:34:43');
INSERT INTO `person_relation` VALUES (209, 229, 230, NULL, '君臣', '光绪帝支持康有为变法', '2025-12-16 15:34:43');
INSERT INTO `person_relation` VALUES (210, 230, 231, NULL, '师生', '梁启超是康有为的学生', '2025-12-16 15:34:43');
INSERT INTO `person_relation` VALUES (211, 230, 232, NULL, '同僚', '康有为与谭嗣同同为戊戌变法参与者', '2025-12-16 15:34:43');
INSERT INTO `person_relation` VALUES (212, 231, 232, NULL, '同僚', '梁启超与谭嗣同同为戊戌变法参与者', '2025-12-16 15:34:43');
INSERT INTO `person_relation` VALUES (213, 233, 234, NULL, '政敌', '孙中山与袁世凯政见不同', '2025-12-16 15:34:43');
INSERT INTO `person_relation` VALUES (214, 233, 235, NULL, '敌对', '孙中山领导辛亥革命，推翻清朝', '2025-12-16 15:34:43');
INSERT INTO `person_relation` VALUES (215, 234, 235, NULL, '君臣', '袁世凯逼迫溥仪退位', '2025-12-16 15:34:43');
INSERT INTO `person_relation` VALUES (216, 236, 237, NULL, '同时期', '曹雪芹与蒲松龄同为清代小说家', '2025-12-16 15:34:43');
INSERT INTO `person_relation` VALUES (217, 237, 238, NULL, '同时期', '蒲松龄与吴敬梓同为清代小说家', '2025-12-16 15:34:43');
INSERT INTO `person_relation` VALUES (218, 238, 239, NULL, '同时期', '吴敬梓与郑板桥同为清代文人', '2025-12-16 15:34:43');
INSERT INTO `person_relation` VALUES (219, 35, 39, NULL, '学术传承', '孟子继承发展孔子儒学思想', '2025-12-16 15:34:43');
INSERT INTO `person_relation` VALUES (220, 35, 41, NULL, '学术传承', '荀子继承发展孔子儒学思想', '2025-12-16 15:34:43');
INSERT INTO `person_relation` VALUES (221, 36, 40, NULL, '学术传承', '庄子继承发展老子道家思想', '2025-12-16 15:34:43');
INSERT INTO `person_relation` VALUES (222, 74, 81, NULL, '史学传承', '班固继承司马迁史学传统，著《汉书》', '2025-12-16 15:34:43');
INSERT INTO `person_relation` VALUES (223, 150, 164, NULL, '文学传承', '欧阳修继承韩愈古文运动', '2025-12-16 15:34:43');
INSERT INTO `person_relation` VALUES (224, 164, 167, NULL, '文学传承', '苏轼继承欧阳修文学传统', '2025-12-16 15:34:43');

-- ----------------------------
-- Table structure for place_name
-- ----------------------------
DROP TABLE IF EXISTS `place_name`;
CREATE TABLE `place_name`  (
  `id` bigint UNSIGNED NOT NULL AUTO_INCREMENT COMMENT '主键ID',
  `ancient_name` varchar(200) CHARACTER SET utf8mb4 COLLATE utf8mb4_0900_ai_ci NOT NULL COMMENT '古代地名，如“长安”“汴梁”',
  `modern_name` varchar(200) CHARACTER SET utf8mb4 COLLATE utf8mb4_0900_ai_ci NOT NULL COMMENT '现代地名，如“西安”“开封”',
  `modern_location` varchar(255) CHARACTER SET utf8mb4 COLLATE utf8mb4_0900_ai_ci NULL DEFAULT NULL COMMENT '现代地理位置，如省市区或经纬度',
  `description` text CHARACTER SET utf8mb4 COLLATE utf8mb4_0900_ai_ci NULL COMMENT '地名相关描述或历史背景',
  `created_at` timestamp NOT NULL DEFAULT CURRENT_TIMESTAMP COMMENT '创建时间',
  PRIMARY KEY (`id`) USING BTREE,
  INDEX `idx_ancient_name`(`ancient_name` ASC) USING BTREE
) ENGINE = InnoDB AUTO_INCREMENT = 62 CHARACTER SET = utf8mb4 COLLATE = utf8mb4_0900_ai_ci COMMENT = '古今地名对照表' ROW_FORMAT = Dynamic;

-- ----------------------------
-- Records of place_name
-- ----------------------------
INSERT INTO `place_name` VALUES (2, '有熊', '新郑', '河南省郑州市新郑市', '黄帝故里，有熊氏部落所在地', '2025-12-16 13:19:43');
INSERT INTO `place_name` VALUES (3, '轩辕之丘', '新郑', '河南省郑州市新郑市', '黄帝出生和建都之地', '2025-12-16 13:19:43');
INSERT INTO `place_name` VALUES (4, '陈仓', '宝鸡', '陕西省宝鸡市', '炎帝故里，相传炎帝生于宝鸡姜水之畔', '2025-12-16 13:19:43');
INSERT INTO `place_name` VALUES (5, '涿鹿之野', '涿鹿', '河北省张家口市涿鹿县', '黄帝与蚩尤涿鹿之战的战场', '2025-12-16 13:19:43');
INSERT INTO `place_name` VALUES (6, '阪泉之野', '延庆', '北京市延庆区', '黄帝与炎帝阪泉之战的战场', '2025-12-16 13:19:43');
INSERT INTO `place_name` VALUES (7, '曲阜', '曲阜', '山东省济宁市曲阜市', '少昊之墟，黄帝之子少昊的封地', '2025-12-16 13:19:43');
INSERT INTO `place_name` VALUES (8, '高阳', '杞县', '河南省开封市杞县', '颛顼高阳氏的封地', '2025-12-16 13:19:43');
INSERT INTO `place_name` VALUES (9, '帝丘', '濮阳', '河南省濮阳市', '颛顼的都城', '2025-12-16 13:19:43');
INSERT INTO `place_name` VALUES (10, '陶', '定陶', '山东省菏泽市定陶区', '帝尧封地，号称陶唐氏', '2025-12-16 13:19:43');
INSERT INTO `place_name` VALUES (11, '唐', '太原', '山西省太原市', '帝尧另一封地，故称唐尧', '2025-12-16 13:19:43');
INSERT INTO `place_name` VALUES (12, '平阳', '临汾', '山西省临汾市', '帝尧建都之地，古称平阳', '2025-12-16 13:19:43');
INSERT INTO `place_name` VALUES (13, '蒲阪', '永济', '山西省运城市永济市', '帝舜建都之地', '2025-12-16 13:19:43');
INSERT INTO `place_name` VALUES (14, '妫汭', '永济', '山西省运城市永济市蒲州镇', '帝舜居住地，妫水河弯曲处', '2025-12-16 13:19:43');
INSERT INTO `place_name` VALUES (15, '历山', '历山', '山西省运城市垣曲县', '帝舜耕作之地', '2025-12-16 13:19:43');
INSERT INTO `place_name` VALUES (16, '雷泽', '菏泽', '山东省菏泽市', '帝舜渔猎之地，古大泽', '2025-12-16 13:19:43');
INSERT INTO `place_name` VALUES (17, '河滨', '运城', '山西省运城市', '帝舜制陶之地', '2025-12-16 13:19:43');
INSERT INTO `place_name` VALUES (18, '鸣条', '运城', '山西省运城市夏县', '商汤灭夏之战发生地，五帝时代属帝舜活动范围', '2025-12-16 13:19:43');
INSERT INTO `place_name` VALUES (19, '阳城', '登封', '河南省郑州市登封市', '夏朝早期都城，禹都阳城所在地', '2025-12-16 13:19:43');
INSERT INTO `place_name` VALUES (20, '斟鄩', '洛阳', '河南省洛阳市偃师区', '夏朝晚期都城，二里头遗址所在地', '2025-12-16 13:19:43');
INSERT INTO `place_name` VALUES (21, '殷', '安阳', '河南省安阳市', '商朝后期都城，甲骨文发现地', '2025-12-16 13:19:43');
INSERT INTO `place_name` VALUES (22, '镐京', '西安', '陕西省西安市长安区', '西周都城，与丰京并称丰镐', '2025-12-16 13:19:43');
INSERT INTO `place_name` VALUES (23, '亳', '商丘', '河南省商丘市', '商朝早期都城之一', '2025-12-16 13:19:43');
INSERT INTO `place_name` VALUES (24, '曲阜', '曲阜', '山东省济宁市曲阜市', '鲁国故都，孔子故里', '2025-12-16 13:19:43');
INSERT INTO `place_name` VALUES (25, '会稽', '绍兴', '浙江省绍兴市', '春秋战国时期越国都城', '2025-12-16 13:19:43');
INSERT INTO `place_name` VALUES (26, '姑苏', '苏州', '江苏省苏州市', '春秋时期吴国都城', '2025-12-16 13:19:43');
INSERT INTO `place_name` VALUES (27, '彭城', '徐州', '江苏省徐州市', '楚汉争霸时期西楚国都', '2025-12-16 13:19:43');
INSERT INTO `place_name` VALUES (28, '雒阳', '洛阳', '河南省洛阳市', '东汉、曹魏、西晋等朝代的都城', '2025-12-16 13:19:43');
INSERT INTO `place_name` VALUES (29, '长安', '西安', '陕西省西安市', '十三朝古都，汉唐盛世的首都，丝绸之路起点', '2025-12-16 13:19:43');
INSERT INTO `place_name` VALUES (30, '洛阳', '洛阳', '河南省洛阳市', '十三朝古都，东周、东汉、西晋、北魏等朝都城', '2025-12-16 13:19:43');
INSERT INTO `place_name` VALUES (31, '咸阳', '咸阳', '陕西省咸阳市', '秦朝都城，始皇建都之地', '2025-12-16 13:19:43');
INSERT INTO `place_name` VALUES (32, '建业', '南京', '江苏省南京市', '东吴都城，后称建康，为东晋及南朝都城', '2025-12-16 13:19:43');
INSERT INTO `place_name` VALUES (33, '建康', '南京', '江苏省南京市', '东晋及南朝宋、齐、梁、陈四朝都城', '2025-12-16 13:19:43');
INSERT INTO `place_name` VALUES (34, '汴梁', '开封', '河南省开封市', '北宋都城，又称东京、汴京', '2025-12-16 13:19:43');
INSERT INTO `place_name` VALUES (35, '东京', '开封', '河南省开封市', '北宋都城，当时世界第一大城市', '2025-12-16 13:19:43');
INSERT INTO `place_name` VALUES (36, '临安', '杭州', '浙江省杭州市', '南宋都城，原称钱塘、杭州', '2025-12-16 13:19:43');
INSERT INTO `place_name` VALUES (37, '大都', '北京', '北京市', '元朝都城，明清沿用并改称北京', '2025-12-16 13:19:43');
INSERT INTO `place_name` VALUES (38, '京师', '北京', '北京市', '明清时期对首都的称呼', '2025-12-16 13:19:43');
INSERT INTO `place_name` VALUES (39, '金陵', '南京', '江苏省南京市', '南京在三国及南朝时期的别称', '2025-12-16 13:19:43');
INSERT INTO `place_name` VALUES (40, '涿鹿', '涿鹿', '河北省张家口市涿鹿县', '黄帝与蚩尤大战之地', '2025-12-16 13:19:43');
INSERT INTO `place_name` VALUES (41, '平阳', '临汾', '山西省临汾市', '尧帝古都，尧庙所在地', '2025-12-16 13:19:43');
INSERT INTO `place_name` VALUES (42, '邺', '安阳', '河南省安阳市北部', '曹魏、北齐等政权曾在此建都', '2025-12-16 13:19:43');
INSERT INTO `place_name` VALUES (43, '谯', '亳州', '安徽省亳州市', '曹操故里', '2025-12-16 13:19:43');
INSERT INTO `place_name` VALUES (44, '江陵', '荆州', '湖北省荆州市', '春秋战国时期楚国都城，三国重镇', '2025-12-16 13:19:43');
INSERT INTO `place_name` VALUES (45, '赤壁', '赤壁', '湖北省咸宁市赤壁市', '三国赤壁之战发生地', '2025-12-16 13:19:43');
INSERT INTO `place_name` VALUES (46, '陈留', '开封', '河南省开封市陈留镇', '东汉末年曹操起兵之地', '2025-12-16 13:19:43');
INSERT INTO `place_name` VALUES (47, '益州', '成都', '四川省成都市', '蜀汉政权中心', '2025-12-16 13:19:43');
INSERT INTO `place_name` VALUES (48, '襄阳', '襄阳', '湖北省襄阳市', '三国时期军事重镇', '2025-12-16 13:19:43');
INSERT INTO `place_name` VALUES (49, '江州', '重庆', '重庆市', '南宋时期重庆地区称呼', '2025-12-16 13:19:43');
INSERT INTO `place_name` VALUES (50, '临安府', '杭州', '浙江省杭州市', '南宋正式行政区划名称', '2025-12-16 13:19:43');
INSERT INTO `place_name` VALUES (51, '上京临潢府', '巴林左旗', '内蒙古赤峰市巴林左旗', '辽朝都城', '2025-12-16 13:19:43');
INSERT INTO `place_name` VALUES (52, '上京会宁府', '哈尔滨', '黑龙江省哈尔滨市阿城区', '金朝早期都城', '2025-12-16 13:19:43');
INSERT INTO `place_name` VALUES (53, '中都', '北京', '北京市西城区', '金朝后期都城，今北京西南', '2025-12-16 13:19:43');
INSERT INTO `place_name` VALUES (54, '兴庆府', '银川', '宁夏银川市', '西夏都城', '2025-12-16 13:19:43');
INSERT INTO `place_name` VALUES (55, '和林', '乌兰巴托', '蒙古国乌兰巴托市', '蒙古国早期都城', '2025-12-16 13:19:43');
INSERT INTO `place_name` VALUES (56, '应天府', '南京', '江苏省南京市', '明朝初年都城', '2025-12-16 13:19:43');
INSERT INTO `place_name` VALUES (57, '顺天府', '北京', '北京市', '明清时期北京行政区划', '2025-12-16 13:19:43');
INSERT INTO `place_name` VALUES (58, '盛京', '沈阳', '辽宁省沈阳市', '清朝早期都城', '2025-12-16 13:19:43');
INSERT INTO `place_name` VALUES (59, '姑臧', '武威', '甘肃省武威市', '五凉时期河西地区中心城市', '2025-12-16 13:19:43');
INSERT INTO `place_name` VALUES (60, '平城', '大同', '山西省大同市', '北魏前期首都', '2025-12-16 13:19:43');
INSERT INTO `place_name` VALUES (61, '晋阳', '太原', '山西省太原市', '北朝、隋唐时期北方重镇', '2025-12-16 13:19:43');

-- ----------------------------
-- Table structure for reading_record
-- ----------------------------
DROP TABLE IF EXISTS `reading_record`;
CREATE TABLE `reading_record`  (
  `id` bigint UNSIGNED NOT NULL AUTO_INCREMENT COMMENT '主键ID',
  `user_id` bigint UNSIGNED NOT NULL COMMENT '用户ID',
  `target_type` varchar(50) CHARACTER SET utf8mb4 COLLATE utf8mb4_0900_ai_ci NOT NULL COMMENT '记录类型：person/event/dynasty/place/relic',
  `target_id` bigint UNSIGNED NULL DEFAULT NULL COMMENT '目标记录ID',
  `viewed_at` timestamp NOT NULL DEFAULT CURRENT_TIMESTAMP COMMENT '查看时间',
  PRIMARY KEY (`id`) USING BTREE,
  INDEX `idx_rr_user`(`user_id` ASC) USING BTREE,
  CONSTRAINT `fk_rr_user` FOREIGN KEY (`user_id`) REFERENCES `user` (`id`) ON DELETE CASCADE ON UPDATE RESTRICT
) ENGINE = InnoDB AUTO_INCREMENT = 36 CHARACTER SET = utf8mb4 COLLATE = utf8mb4_0900_ai_ci COMMENT = '用户阅读记录表' ROW_FORMAT = Dynamic;

-- ----------------------------
-- Records of reading_record
-- ----------------------------

-- ----------------------------
-- Table structure for relic
-- ----------------------------
DROP TABLE IF EXISTS `relic`;
CREATE TABLE `relic`  (
  `id` bigint UNSIGNED NOT NULL AUTO_INCREMENT COMMENT '主键ID',
  `name` varchar(300) CHARACTER SET utf8mb4 COLLATE utf8mb4_0900_ai_ci NOT NULL COMMENT '遗迹名称，如兵马俑',
  `location` varchar(255) CHARACTER SET utf8mb4 COLLATE utf8mb4_0900_ai_ci NULL DEFAULT NULL COMMENT '所在地，如城市或景区名',
  `dynasty_id` bigint UNSIGNED NULL DEFAULT NULL COMMENT '相关朝代（可不填）',
  `related_event_id` bigint UNSIGNED NULL DEFAULT NULL COMMENT '相关历史事件ID',
  `description` text CHARACTER SET utf8mb4 COLLATE utf8mb4_0900_ai_ci NULL COMMENT '遗迹介绍',
  `coordinates` varchar(100) CHARACTER SET utf8mb4 COLLATE utf8mb4_0900_ai_ci NULL DEFAULT NULL COMMENT '经纬度坐标，如\"34.3,109.2\"',
  `created_at` timestamp NOT NULL DEFAULT CURRENT_TIMESTAMP COMMENT '创建时间',
  PRIMARY KEY (`id`) USING BTREE,
  INDEX `fk_relic_dynasty`(`dynasty_id` ASC) USING BTREE,
  INDEX `fk_relic_event`(`related_event_id` ASC) USING BTREE,
  CONSTRAINT `fk_relic_dynasty` FOREIGN KEY (`dynasty_id`) REFERENCES `dynasty` (`id`) ON DELETE SET NULL ON UPDATE RESTRICT,
  CONSTRAINT `fk_relic_event` FOREIGN KEY (`related_event_id`) REFERENCES `event` (`id`) ON DELETE SET NULL ON UPDATE RESTRICT
) ENGINE = InnoDB AUTO_INCREMENT = 72 CHARACTER SET = utf8mb4 COLLATE = utf8mb4_0900_ai_ci COMMENT = '历史遗迹表' ROW_FORMAT = Dynamic;

-- ----------------------------
-- Records of relic
-- ----------------------------
INSERT INTO `relic` VALUES (1, '新郑黄帝故里', '河南省郑州市新郑市', 2, NULL, '黄帝出生和建都之地，有轩辕丘、黄帝庙等遗址', '34.40,113.73', '2025-12-16 13:19:43');
INSERT INTO `relic` VALUES (2, '宝鸡炎帝陵', '陕西省宝鸡市', 2, NULL, '炎帝神农氏的陵墓，相传炎帝生于宝鸡姜水之畔', '34.36,107.24', '2025-12-16 13:19:43');
INSERT INTO `relic` VALUES (3, '涿鹿黄帝城遗址', '河北省张家口市涿鹿县', 2, NULL, '黄帝与蚩尤涿鹿之战的遗址，有黄帝城、蚩尤寨等', '40.20,115.20', '2025-12-16 13:19:43');
INSERT INTO `relic` VALUES (4, '红山文化遗址', '内蒙古赤峰市', 1, NULL, '新石器时代文化遗址，距今约6000-5000年，有女神庙、祭坛等，可能对应三皇时代', '42.28,119.01', '2025-12-16 13:19:43');
INSERT INTO `relic` VALUES (5, '良渚古城遗址', '浙江省杭州市余杭区', 1, NULL, '新石器时代晚期文化遗址，距今约5300-4300年，有宫殿、王陵、水利系统等，2019年列入世界文化遗产', '30.40,120.09', '2025-12-16 13:19:43');
INSERT INTO `relic` VALUES (6, '石峁遗址', '陕西省榆林市神木市', 2, NULL, '新石器时代晚期至夏代早期遗址，距今约4300-3800年，可能是黄帝部落的遗址', '38.83,110.29', '2025-12-16 13:19:43');
INSERT INTO `relic` VALUES (7, '陶寺遗址', '山西省临汾市襄汾县', 2, NULL, '新石器时代晚期遗址，距今约4300-3900年，被认为是帝尧都城平阳', '35.88,111.50', '2025-12-16 13:19:43');
INSERT INTO `relic` VALUES (8, '西水坡遗址', '河南省濮阳市', 2, NULL, '新石器时代遗址，出土龙虎蚌塑图案，可能与颛顼有关', '35.73,115.01', '2025-12-16 13:19:43');
INSERT INTO `relic` VALUES (9, '九嶷山舜帝陵', '湖南省永州市宁远县', 2, NULL, '舜帝南巡死后葬地，有舜帝庙、舜源峰等', '25.35,111.95', '2025-12-16 13:19:43');
INSERT INTO `relic` VALUES (10, '历山舜王坪', '山西省运城市垣曲县', 2, NULL, '舜帝耕作之地，传说是舜耕历山处', '35.18,111.98', '2025-12-16 13:19:43');
INSERT INTO `relic` VALUES (11, '大禹渡', '山西省运城市芮城县', 2, NULL, '大禹治水的重要渡口，有大禹庙等遗址', '34.70,110.69', '2025-12-16 13:19:43');
INSERT INTO `relic` VALUES (12, '涂山', '安徽省蚌埠市怀远县', 2, NULL, '大禹会盟诸侯之地，有禹会村遗址，\"禹会诸侯于涂山\"', '32.95,117.19', '2025-12-16 13:19:43');
INSERT INTO `relic` VALUES (13, '会稽山', '浙江省绍兴市', 2, NULL, '禹大会计治水和封禅之地，\"禹会诸侯江南，计功而崩，因葬焉\"', '30.01,120.58', '2025-12-16 13:19:43');
INSERT INTO `relic` VALUES (14, '二里头遗址', '河南省洛阳市偃师区', 3, NULL, '夏代都城遗址，可能是夏都斟鄩', '34.69,112.69', '2025-12-16 13:19:43');
INSERT INTO `relic` VALUES (15, '商代殷墟遗址', '河南省安阳市', 4, NULL, '商代后期都城遗址，甲骨文发现地，2006年列入世界文化遗产', '36.12,114.32', '2025-12-16 13:19:43');
INSERT INTO `relic` VALUES (16, '秦始皇陵兵马俑', '陕西省西安市临潼区', 7, NULL, '秦始皇陵墓陪葬坑，世界第八大奇迹，1987年列入世界文化遗产', '34.38,109.27', '2025-12-16 13:19:43');
INSERT INTO `relic` VALUES (17, '秦始皇陵', '陕西省西安市临潼区', 7, NULL, '中国历史上第一位皇帝秦始皇的陵墓，规模宏大，现存封土高76米', '34.38,109.27', '2025-12-16 13:19:43');
INSERT INTO `relic` VALUES (18, '万里长城', '北京市延庆区等多地', 7, NULL, '中国古代军事防御工程，秦代连接扩建，明代达到顶峰，1987年列入世界文化遗产', '40.43,116.57', '2025-12-16 13:19:43');
INSERT INTO `relic` VALUES (19, '西汉汉阳陵', '陕西省咸阳市', 8, NULL, '汉景帝刘启及其皇后王氏的合葬陵园', '34.47,108.93', '2025-12-16 13:19:43');
INSERT INTO `relic` VALUES (20, '茂陵', '陕西省咸阳市兴平市', 8, NULL, '汉武帝刘彻的陵墓，汉代帝王陵墓中规模最大、修造时间最长、陪葬品最丰富的一座', '34.33,108.51', '2025-12-16 13:19:43');
INSERT INTO `relic` VALUES (21, '唐昭陵', '陕西省咸阳市礼泉县', 18, NULL, '唐太宗李世民的陵墓，开创了唐代帝王依山为陵的先例', '34.63,108.53', '2025-12-16 13:19:43');
INSERT INTO `relic` VALUES (22, '唐乾陵', '陕西省咸阳市乾县', 18, NULL, '唐高宗李治与武则天的合葬陵，是唯一一座埋葬两位皇帝的陵墓', '34.57,108.21', '2025-12-16 13:19:43');
INSERT INTO `relic` VALUES (23, '龙门石窟', '河南省洛阳市', 18, NULL, '中国石刻艺术宝库，世界文化遗产，始建于北魏，盛于唐', '34.56,112.47', '2025-12-16 13:19:43');
INSERT INTO `relic` VALUES (24, '云冈石窟', '山西省大同市', 16, NULL, '中国早期石窟代表，世界文化遗产，北魏时期开凿', '40.11,113.12', '2025-12-16 13:19:43');
INSERT INTO `relic` VALUES (25, '敦煌莫高窟', '甘肃省敦煌市', 18, NULL, '世界现存规模最大、内容最丰富的佛教艺术地，1987年列入世界文化遗产', '40.04,94.81', '2025-12-16 13:19:43');
INSERT INTO `relic` VALUES (26, '楼兰古城遗址', '新疆巴音郭楞蒙古自治州若羌县', 8, NULL, '丝绸之路上的重要古城遗址，汉代至魏晋时期繁荣', '40.38,89.77', '2025-12-16 13:19:43');
INSERT INTO `relic` VALUES (27, '尼雅遗址', '新疆和田地区民丰县', 8, NULL, '汉晋时期精绝国故址，出土大量佉卢文和汉文简牍', '37.91,82.75', '2025-12-16 13:19:43');
INSERT INTO `relic` VALUES (28, '交河故城', '新疆吐鲁番市', 16, NULL, '世界上最大最古老、保存最完好的生土建筑城市', '42.95,89.07', '2025-12-16 13:19:43');
INSERT INTO `relic` VALUES (29, '北宋皇陵', '河南省郑州市巩义市', 20, NULL, '北宋七位皇帝及赵匡胤父亲赵弘殷的陵墓群', '34.74,112.98', '2025-12-16 13:19:43');
INSERT INTO `relic` VALUES (30, '南宋六陵', '浙江省绍兴市', 23, NULL, '南宋六位皇帝的陵墓，后被元朝破坏', '30.01,120.58', '2025-12-16 13:19:43');
INSERT INTO `relic` VALUES (31, '西夏王陵', '宁夏银川市', 22, NULL, '西夏历代帝王陵及皇家陵墓，有\"东方金字塔\"之称', '38.32,105.95', '2025-12-16 13:19:43');
INSERT INTO `relic` VALUES (32, '金代皇陵', '北京市房山区', 24, NULL, '金代皇帝陵墓群，包括金太祖、金太宗等', '39.72,115.90', '2025-12-16 13:19:43');
INSERT INTO `relic` VALUES (33, '大运河', '北京市通州区等多地', 17, NULL, '世界上最长的古代运河，隋朝开凿，2014年列入世界文化遗产', '39.91,116.65', '2025-12-16 13:19:43');
INSERT INTO `relic` VALUES (34, '明孝陵', '江苏省南京市', 26, NULL, '明太祖朱元璋的陵墓，明清帝王陵墓的蓝本，2003年列入世界文化遗产', '32.06,118.84', '2025-12-16 13:19:43');
INSERT INTO `relic` VALUES (35, '明清故宫', '北京市东城区', 26, NULL, '明成祖朱棣建造的皇宫，世界文化遗产，1987年列入', '39.92,116.40', '2025-12-16 13:19:43');
INSERT INTO `relic` VALUES (36, '明十三陵', '北京市昌平区', 26, NULL, '明朝十三位皇帝的陵墓群，2003年列入世界文化遗产', '40.26,116.23', '2025-12-16 13:19:43');
INSERT INTO `relic` VALUES (37, '天坛', '北京市东城区', 26, NULL, '明清皇帝祭天场所，1998年列入世界文化遗产', '39.88,116.41', '2025-12-16 13:19:43');
INSERT INTO `relic` VALUES (38, '颐和园', '北京市海淀区', 26, NULL, '清朝皇家园林，1998年列入世界文化遗产', '39.99,116.28', '2025-12-16 13:19:43');
INSERT INTO `relic` VALUES (39, '圆明园遗址', '北京市海淀区', 26, NULL, '清朝皇家园林，1860年被英法联军焚毁', '40.01,116.30', '2025-12-16 13:19:43');
INSERT INTO `relic` VALUES (40, '承德避暑山庄', '河北省承德市', 27, NULL, '清朝皇帝夏天避暑和处理政务的场所，1994年列入世界文化遗产', '40.99,117.94', '2025-12-16 13:19:43');
INSERT INTO `relic` VALUES (41, '清东陵', '河北省唐山市遵化市', 27, NULL, '清朝五位皇帝的陵墓群，2000年列入世界文化遗产', '40.19,117.65', '2025-12-16 13:19:43');
INSERT INTO `relic` VALUES (42, '清西陵', '河北省保定市易县', 27, NULL, '清朝四位皇帝的陵墓群，2000年列入世界文化遗产', '39.38,115.36', '2025-12-16 13:19:43');
INSERT INTO `relic` VALUES (43, '沈阳故宫', '辽宁省沈阳市', 27, NULL, '清朝入关前的皇宫，2004年列入世界文化遗产', '41.80,123.44', '2025-12-16 13:19:43');
INSERT INTO `relic` VALUES (44, '平遥古城', '山西省晋中市平遥县', 26, NULL, '明清时期县城的原型，1997年列入世界文化遗产', '37.20,112.17', '2025-12-16 13:19:43');
INSERT INTO `relic` VALUES (45, '丽江古城', '云南省丽江市', 26, NULL, '纳西族聚居地，1997年列入世界文化遗产', '26.87,100.23', '2025-12-16 13:19:43');
INSERT INTO `relic` VALUES (46, '苏州古典园林', '江苏省苏州市', 26, NULL, '中国古代园林艺术的代表，1997年列入世界文化遗产', '31.30,120.62', '2025-12-16 13:19:43');
INSERT INTO `relic` VALUES (47, '登封\"天地之中\"历史建筑群', '河南省郑州市登封市', 3, NULL, '包括太室阙、少室阙、启母阙等，2010年列入世界文化遗产', '34.46,113.02', '2025-12-16 13:19:43');
INSERT INTO `relic` VALUES (48, '秦始皇陵铜车马', '陕西省西安市临潼区', 7, NULL, '秦始皇陵陪葬的青铜车马，被誉为\"青铜之冠\"', '34.38,109.27', '2025-12-16 13:19:43');
INSERT INTO `relic` VALUES (49, '汉代画像石', '山东省济宁市嘉祥县', 8, NULL, '汉代石刻艺术精品，主要分布在山东、江苏等地', '35.41,116.35', '2025-12-16 13:19:43');
INSERT INTO `relic` VALUES (50, '唐代大雁塔', '陕西省西安市雁塔区', 18, NULL, '玄奘为保存佛经而建造的佛塔，唐代建筑代表', '34.22,108.96', '2025-12-16 13:19:43');
INSERT INTO `relic` VALUES (51, '唐代小雁塔', '陕西省西安市碑林区', 18, NULL, '唐代密檐式砖塔，大荐福寺佛塔', '34.25,108.93', '2025-12-16 13:19:43');
INSERT INTO `relic` VALUES (52, '北宋开封城', '河南省开封市', 20, NULL, '北宋都城遗址，是当时世界上最大的城市', '34.80,114.35', '2025-12-16 13:19:43');
INSERT INTO `relic` VALUES (53, '北宋铁塔', '河南省开封市', 20, NULL, '北宋琉璃砖塔，中国现存最早的琉璃塔', '34.80,114.35', '2025-12-16 13:19:43');
INSERT INTO `relic` VALUES (54, '卢沟桥', '北京市丰台区', 27, NULL, '金代石桥，1937年七七事变发生地', '39.85,116.21', '2025-12-16 13:19:43');
INSERT INTO `relic` VALUES (55, '元大都遗址', '北京市朝阳区', 25, NULL, '元朝都城遗址，明清北京城的前身', '39.98,116.39', '2025-12-16 13:19:43');
INSERT INTO `relic` VALUES (56, '元上都遗址', '内蒙古锡林郭勒盟正蓝旗', 25, NULL, '元朝夏都，2012年列入世界文化遗产', '42.35,116.18', '2025-12-16 13:19:43');
INSERT INTO `relic` VALUES (57, '应县木塔', '山西省朔州市应县', 21, NULL, '辽代木构佛塔，世界上现存最高最古老的木塔', '39.57,113.19', '2025-12-16 13:19:43');
INSERT INTO `relic` VALUES (58, '独乐寺', '天津市蓟州区', 21, NULL, '辽代寺院，山门和观音阁为辽代原构', '40.04,117.40', '2025-12-16 13:19:43');
INSERT INTO `relic` VALUES (59, '华严寺', '山西省大同市', 24, NULL, '辽金时期佛教寺院，大雄宝殿为中国现存最大的佛殿之一', '40.09,113.29', '2025-12-16 13:19:43');
INSERT INTO `relic` VALUES (60, '广济寺', '山西省运城市五台县', 24, NULL, '金代寺院，大雄宝殿为金代原构', '38.73,113.27', '2025-12-16 13:19:43');
INSERT INTO `relic` VALUES (61, '崇圣寺三塔', '云南省大理市', 22, NULL, '大理国时期佛塔，苍山洱海胜景', '25.71,100.15', '2025-12-16 13:19:43');
INSERT INTO `relic` VALUES (62, '开元寺塔', '河北省定州市', 23, NULL, '宋代砖塔，中国现存最高的砖塔', '38.52,114.98', '2025-12-16 13:19:43');
INSERT INTO `relic` VALUES (63, '六和塔', '浙江省杭州市', 23, NULL, '宋代砖木混合结构塔，钱塘江边标志性建筑', '30.20,120.12', '2025-12-16 13:19:43');
INSERT INTO `relic` VALUES (64, '白塔寺', '北京市西城区', 25, NULL, '元代藏传佛教寺院，尼泊尔工匠阿尼哥设计建造', '39.92,116.35', '2025-12-16 13:19:43');
INSERT INTO `relic` VALUES (65, '居庸关云台', '北京市昌平区', 25, NULL, '元代过街塔基座，雕刻精美的藏传佛教造像', '40.29,116.07', '2025-12-16 13:19:43');
INSERT INTO `relic` VALUES (66, '智化寺', '北京市东城区', 26, NULL, '明代寺院，建筑及明代京音乐保存完好', '39.94,116.43', '2025-12-16 13:19:43');
INSERT INTO `relic` VALUES (67, '西安钟楼', '陕西省西安市', 26, NULL, '明代钟楼，西安市中心标志性建筑', '34.26,108.94', '2025-12-16 13:19:43');
INSERT INTO `relic` VALUES (68, '西安鼓楼', '陕西省西安市', 26, NULL, '明代鼓楼，与钟楼相望', '34.26,108.94', '2025-12-16 13:19:43');
INSERT INTO `relic` VALUES (69, '大同城墙', '山西省大同市', 26, NULL, '明代城墙，中国现存最完整的古城墙之一', '40.09,113.30', '2025-12-16 13:19:43');
INSERT INTO `relic` VALUES (70, '荆州古城墙', '湖北省荆州市', 6, NULL, '明清城墙，中国南方保存最完整的古城墙', '30.34,112.19', '2025-12-16 13:19:43');
INSERT INTO `relic` VALUES (71, '襄阳古城墙', '湖北省襄阳市', 6, NULL, '明清城墙，军事防御体系的典范', '32.01,112.08', '2025-12-16 13:19:43');

-- ----------------------------
-- Table structure for user
-- ----------------------------
DROP TABLE IF EXISTS `user`;
CREATE TABLE `user`  (
  `id` bigint UNSIGNED NOT NULL AUTO_INCREMENT COMMENT '主键ID',
  `username` varchar(100) CHARACTER SET utf8mb4 COLLATE utf8mb4_0900_ai_ci NOT NULL COMMENT '用户名',
  `password` varchar(255) CHARACTER SET utf8mb4 COLLATE utf8mb4_0900_ai_ci NOT NULL COMMENT '密码（BCrypt/MD5）',
  `email` varchar(200) CHARACTER SET utf8mb4 COLLATE utf8mb4_0900_ai_ci NULL DEFAULT NULL COMMENT '用户邮箱',
  `created_at` timestamp NOT NULL DEFAULT CURRENT_TIMESTAMP COMMENT '创建时间',
  PRIMARY KEY (`id`) USING BTREE,
  UNIQUE INDEX `uk_username`(`username` ASC) USING BTREE
) ENGINE = InnoDB AUTO_INCREMENT = 3 CHARACTER SET = utf8mb4 COLLATE = utf8mb4_0900_ai_ci COMMENT = '用户账号表' ROW_FORMAT = Dynamic;

-- ----------------------------
-- Records of user
-- ----------------------------
INSERT INTO `user` VALUES (1, 'admin', '$2a$10$aESCh0YVM07HgAF2JFKKVuB8O.ZvjZg.c4CJ73wSiiGx4Eu/K6Ng2', 'admin@example.com', '2025-12-09 15:53:27');
INSERT INTO `user` VALUES (2, 'test', '$2a$10$PDUnMF.CqDoGduiWb.qeOuaqQbgv9njhIn77WKht.zLlRNlouLqky', 'test@test.com', '2025-12-10 18:21:47');

SET FOREIGN_KEY_CHECKS = 1;
